{"stats":{"minecraft:crafted":{"minecraft:smooth_stone":12,"ironfurnaces:iron_furnace":1,"create:polished_cut_veridium":2,"minecraft:bookshelf":1,"minecraft:cooked_mutton":14,"minecraft:glass":24,"minecraft:diamond_helmet":4,"minecraft:diamond_leggings":4,"mermod:sea_crystal":4,"astikorcarts:wheel":2,"minecraft:magenta_dye":2,"minecraft:cooked_rabbit":1,"minecraft:glass_bottle":27,"minecraft:wooden_shovel":1,"minecraft:emerald":609,"minecraft:cooked_porkchop":24,"travelersbackpack:standard":4,"minecraft:copper_ingot":39,"minecraft:campfire":1,"aquaculture:iron_fillet_knife":1,"minecraft:lectern":1,"minecraft:gold_ingot":19,"spartanshields:wooden_basic_shield":2,"naturalist:cooked_egg":0,"sawmill:sawmill":1,"minecraft:golden_carrot":12,"minecraft:magenta_wool":2,"minecraft:stone_shovel":1,"minecraft:bone_meal":9,"travelersbackpack:blank_upgrade":4,"travelersbackpack:gold_tier_upgrade":1,"iceandfire:silver_pile":1,"minecraft:stone_pickaxe":2,"farmersdelight:rice":6,"minecraft:diamond_boots":4,"minecraft:dark_oak_planks":28,"minecraft:chainmail_leggings":12,"minecraft:coal_block":3,"minecraft:crossbow":4,"create:crimson_window":10,"minecraft:deepslate_tiles":1,"minecraft:enchanted_book":9,"spartanweaponry:iron_greatsword":1,"minecraft:oak_chest_boat":3,"minecraft:red_stained_glass":16,"minecraft:potion":215,"create:layered_veridium":1,"minecraft:golden_apple":2,"minecraft:flint":190,"minecraft:chainmail_boots":7,"minecraft:oak_stairs":10,"minecraft:iron_shovel":2,"minecraft:white_bed":1,"minecraft:oak_planks":506,"epicfight:iron_spear":1,"minecraft:cooked_chicken":7,"minecraft:stone":76,"smallships:sail":2,"minecraft:warped_planks":256,"spartanweaponry:bolt":192,"minecraft:hopper":2,"astikorcarts:animal_cart":1,"minecraft:bow":5,"minecraft:iron_boots":1,"minecraft:chest":19,"minecraft:water_bucket":19,"minecraft:oak_fence":3,"minecraft:oak_slab":18,"travelersbackpack:iron_tier_upgrade":1,"minecraft:arrow":336,"minecraft:cauldron":2,"minecraft:crafting_table":3,"minecraft:spruce_planks":168,"minecraft:wooden_pickaxe":1,"minecraft:baked_potato":8,"minecraft:iron_helmet":20,"minecraft:birch_planks":4,"farmersdelight:cutting_board":1,"easypaxellite:stone_paxel":1,"minecraft:spruce_trapdoor":18,"iceandfire:armor_copper_chestplate":1,"minecraft:book":7,"minecraft:charcoal":2,"minecraft:shield":6,"minecraft:stick":56,"minecraft:iron_ingot":99,"smallships:oak_brigg":1,"travelersbackpack:magenta_sleeping_bag":1,"minecraft:shears":1,"minecraft:cherry_planks":16,"create:layered_asurine":1,"minecraft:oak_door":3,"minecraft:coal":9,"mermod:sea_necklace":1,"samurai_dynasty:silver_ingot":0,"minecraft:furnace":2,"minecraft:blast_furnace":1,"minecraft:oak_trapdoor":2,"minecraft:flint_and_steel":1,"supplementaries:bomb":12,"minecraft:iron_axe":6,"spartanweaponry:diamond_longbow":2,"travelersbackpack:diamond_tier_upgrade":1,"minecraft:cooked_beef":22,"paraglider:paraglider":2,"minecraft:red_dye":4,"minecraft:crimson_planks":68,"travelersbackpack:backpack_tank":4,"minecraft:iron_sword":1,"spartanweaponry:handle":4,"spartanshields:stone_basic_shield":2,"minecraft:bucket":1,"minecraft:stone_axe":2,"minecraft:air":0,"minecraft:oak_boat":4,"create:cut_calcite_stairs":2,"minecraft:gold_nugget":18,"create:cut_asurine":1,"create:copper_diving_helmet":1,"minecraft:torch":44,"easypaxellite:iron_paxel":3,"minecraft:diamond_chestplate":4},"minecraft:used":{"alexsmobs:emu_egg":17,"minecraft:moss_block":2,"minecraft:jack_o_lantern":11,"minecraft:ladder":25,"minecraft:spruce_slab":33,"minecraft:poppy":1,"minecraft:chest":68,"minecraft:stone":534,"travelersbackpack:diamond":1,"minecraft:soul_sand":2,"minecraft:allium":9,"naturalist:cooked_bass":2,"supplementaries:candle_holder_orange":51,"touhou_little_maid:power_point":15,"minecraft:stripped_spruce_log":225,"minecraft:lava_bucket":10,"minecraft:villager_spawn_egg":5,"minecraft:warped_hyphae":33,"minecraft:grass_block":1494,"minecraft:dark_oak_slab":62,"minecraft:stone_brick_stairs":1,"create:layered_veridium":1,"ironfurnaces:iron_furnace":2,"create:polished_cut_calcite":23,"minecraft:bow":104,"minecraft:mangrove_slab":16,"minecraft:furnace":7,"minecraft:sweet_berries":22,"minecraft:oak_sapling":1,"minecraft:cooked_cod":6,"minecraft:acacia_fence":34,"minecraft:egg":7,"minecraft:potato":10,"spartanweaponry:iron_greatsword":54,"minecraft:mossy_stone_bricks":1,"minecraft:cow_spawn_egg":10,"minecraft:red_stained_glass":14,"minecraft:wooden_pickaxe":3,"minecraft:black_glazed_terracotta":125,"minecraft:composter":3,"minecraft:oak_leaves":178,"minecraft:golden_apple":3,"minecraft:stripped_mangrove_wood":2,"minecraft:glow_berries":7,"minecraft:sand":179,"minecraft:blast_furnace":6,"minecraft:smooth_red_sandstone":126,"farmersdelight:rice":14,"samurai_dynasty:tanuki_statue":1,"minecraft:pumpkin_seeds":8,"minecraft:crimson_fence_gate":7,"minecraft:deepslate_tiles":515,"minecraft:chiseled_sandstone":1,"minecraft:verdant_froglight":14,"minecraft:lectern":3,"touhou_little_maid:smart_slab_has_maid":21,"minecraft:soul_lantern":15,"minecraft:nether_wart_block":3,"minecraft:diamond_sword":6,"minecraft:smithing_table":2,"minecraft:oak_boat":31,"minecraft:oak_trapdoor":17,"minecraft:stripped_acacia_wood":230,"ironfurnaces:gold_furnace":1,"minecraft:enchanting_table":1,"minecraft:orange_concrete":73,"minecraft:carved_pumpkin":3,"minecraft:red_concrete":307,"minecraft:armor_stand":8,"minecraft:tinted_glass":26,"astikorcarts:animal_cart":11,"minecraft:cooked_salmon":3,"minecraft:netherrack":112,"minecraft:torch":234,"create:ochrum":1,"securitycraft:reinforced_oak_fence_gate":15,"minecraft:anvil":1,"minecraft:crimson_hyphae":7,"minecraft:stone_stairs":9,"minecraft:oak_fence_gate":4,"minecraft:shroomlight":45,"minecraft:chipped_anvil":1,"minecraft:iron_axe":357,"minecraft:chicken_spawn_egg":8,"minecraft:totem_of_undying":10,"minecraft:barrel":5,"minecraft:smooth_basalt":29,"minecraft:lime_concrete":38,"farmersdelight:cooking_pot":1,"tombstone:gift":10,"supplementaries:statue":2,"minecraft:trapped_chest":1,"farmersdelight:tomato_seeds":9,"minecraft:acacia_planks":303,"minecraft:orange_terracotta":40,"create:polished_cut_deepslate":55,"minecraft:crimson_stem":120,"create:polished_cut_deepslate_stairs":33,"minecraft:calcite":60,"minecraft:wheat_seeds":5,"minecraft:water_bucket":185,"minecraft:warped_stem":100,"securitycraft:reinforced_oak_planks":67,"epicfight:iron_spear":8,"minecraft:dirt_path":6,"create:crimson_window":8,"minecraft:cherry_planks":30,"minecraft:cauldron":9,"minecraft:fletching_table":5,"iceandfire:dragon_skull_lightning":3,"minecraft:deepslate_bricks":43,"minecraft:polished_blackstone_bricks":28,"minecraft:mossy_cobblestone":3,"minecraft:crimson_trapdoor":121,"minecraft:oak_slab":26,"minecraft:crafting_table":11,"supplementaries:bomb":1,"minecraft:campfire":3,"minecraft:white_bed":18,"alexsmobs:spawn_egg_lobster":5,"minecraft:oak_log":133,"alexsmobs:flying_fish":2,"minecraft:mud":1,"minecraft:cornflower":1,"minecraft:warped_trapdoor":41,"minecraft:pig_spawn_egg":5,"minecraft:oak_button":46,"minecraft:iron_pickaxe":766,"easypaxellite:stone_paxel":792,"minecraft:spruce_trapdoor":181,"minecraft:cobblestone":376,"minecraft:potion":183,"travelersbackpack:standard":3,"minecraft:crimson_stairs":85,"minecraft:cooked_porkchop":43,"minecraft:stripped_oak_log":13,"minecraft:kelp":129,"minecraft:dandelion":1,"minecraft:candle":36,"minecraft:blue_terracotta":38,"minecraft:iron_shovel":370,"minecraft:polished_deepslate":523,"minecraft:oak_sign":20,"minecraft:decorated_pot":1,"minecraft:shield":23,"minecraft:iron_sword":297,"minecraft:zombie_spawn_egg":1,"tombstone:lollipop":9,"minecraft:stripped_crimson_stem":201,"minecraft:soul_campfire":5,"minecraft:smooth_sandstone_stairs":8,"create:cut_deepslate_bricks":99,"minecraft:iron_chestplate":1,"touhou_little_maid:smart_slab_init":1,"paraglider:goddess_statue":4,"minecraft:carrot":53,"minecraft:axolotl_bucket":4,"minecraft:obsidian":14,"minecraft:milk_bucket":2,"minecraft:polished_deepslate_stairs":5,"minecraft:glass":35,"farmersdelight:tomato":25,"minecraft:lantern":154,"supplementaries:timber_brace":5,"create:cut_veridium":100,"minecraft:stone_bricks":330,"minecraft:item_frame":2,"farmersdelight:cutting_board":1,"spartanweaponry:iron_throwing_knife":16,"minecraft:scaffolding":11,"minecraft:pearlescent_froglight":24,"minecraft:large_fern":1,"minecraft:dark_oak_stairs":214,"epicfight:skillbook":7,"minecraft:stripped_acacia_log":26,"naturalist:cooked_egg":1,"minecraft:stone_pickaxe":244,"minecraft:oak_planks":1077,"create:copper_diving_helmet":1,"create:polished_cut_andesite":64,"minecraft:yellow_concrete":34,"minecraft:crossbow":10,"minecraft:sponge":10,"minecraft:stone_brick_wall":163,"securitycraft:reinforced_hopper":1,"minecraft:black_bed":3,"waystones:waystone":6,"create:cut_calcite_stairs":49,"minecraft:black_concrete":2694,"minecraft:dark_oak_log":51,"minecraft:melon_slice":3,"spartanshields:stone_basic_shield":9,"minecraft:bread":11,"minecraft:barrier":1534,"tombstone:grave_key":2,"minecraft:gravel":11,"create:asurine":1,"minecraft:stripped_warped_hyphae":24,"minecraft:stripped_oak_wood":8,"spartanweaponry:diamond_longbow":10,"minecraft:cooked_rabbit":1,"minecraft:andesite":1,"minecraft:chain":3,"minecraft:smooth_stone_slab":169,"minecraft:air":8,"create:cut_asurine":195,"minecraft:white_concrete":74,"minecraft:coarse_dirt":6,"minecraft:bone_meal":9,"minecraft:cobweb":19,"minecraft:experience_bottle":1,"minecraft:oak_fence":121,"minecraft:trident":19,"minecraft:crimson_fence":35,"minecraft:flint_and_steel":10,"minecraft:stone_shovel":50,"minecraft:light_blue_terracotta":5,"minecraft:spruce_planks":210,"minecraft:wooden_shovel":23,"minecraft:cooked_chicken":1,"supplementaries:sconce":2,"minecraft:oak_door":7,"create:layered_asurine":1,"minecraft:dirt":836,"minecraft:red_nether_brick_slab":7,"minecraft:hopper":3,"minecraft:spruce_stairs":60,"create:polished_cut_asurine":141,"minecraft:shulker_box":1,"minecraft:spruce_fence":25,"minecraft:dark_oak_planks":13,"minecraft:stone_brick_slab":12,"paraglider:horned_statue":7,"minecraft:bookshelf":33,"minecraft:yellow_stained_glass":88,"minecraft:oak_stairs":138,"minecraft:smooth_sandstone":10,"minecraft:acacia_slab":138,"minecraft:crimson_slab":15,"minecraft:cherry_trapdoor":22,"minecraft:crimson_planks":404,"minecraft:light_gray_wool":1,"minecraft:golden_carrot":1,"minecraft:black_stained_glass":110,"iceandfire:silver_pile":1,"alexsmobs:lobster_bucket":9,"minecraft:deepslate_tile_stairs":380,"minecraft:cooked_beef":46,"minecraft:cooked_mutton":24,"minecraft:cobblestone_stairs":61,"webdisplays:keyboard":2,"minecraft:glass_bottle":181,"minecraft:baked_potato":5,"touhou_little_maid:shrine":3,"minecraft:brown_mushroom":1,"easypaxellite:diamond_paxel":78,"minecraft:stonecutter":5,"minecraft:glow_item_frame":1,"minecraft:stripped_dark_oak_log":153,"smallships:oak_brigg":2,"create:polished_cut_veridium":99,"minecraft:warped_planks":211,"easypaxellite:iron_paxel":1739,"minecraft:flower_pot":1,"minecraft:command_block":1,"sawmill:sawmill":5,"minecraft:stone_slab":9,"securitycraft:reinforced_black_concrete":4,"minecraft:yellow_wool":2,"minecraft:stone_axe":173,"minecraft:pink_petals":17,"minecraft:white_banner":2,"minecraft:red_banner":3,"minecraft:bucket":88,"minecraft:pumpkin_pie":2,"webdisplays:screen":95,"minecraft:smooth_stone":61,"minecraft:pillager_spawn_egg":63},"minecraft:killed":{"alexsmobs:lobster":1,"minecraft:cave_spider":1,"minecraft:skeleton":19,"minecraft:guardian":2,"minecraft:chicken":7,"minecraft:skeleton_horse":1,"minecraft:magma_cube":2,"minecraft:salmon":3,"minecraft:iron_golem":3,"minecraft:pillager":222,"minecraft:zombie":25,"iceandfire:lightning_dragon":1,"minecraft:cow":11,"minecraft:evoker":15,"minecraft:vindicator":134,"alexsmobs:seagull":2,"iceandfire:cyclops":2,"minecraft:rabbit":1,"minecraft:witch":39,"minecraft:spider":4,"minecraft:bee":1,"minecraft:silverfish":1,"touhou_little_maid:fairy":8,"minecraft:pig":11,"minecraft:zombie_villager":2,"minecraft:creeper":8,"minecraft:sheep":9,"minecraft:trader_llama":6,"minecraft:vex":3,"minecraft:drowned":2,"alexsmobs:flying_fish":1},"minecraft:picked_up":{"minecraft:iron_chestplate":8,"minecraft:chainmail_boots":1,"minecraft:prismarine_shard":2,"minecraft:flower_pot":4,"minecraft:smithing_table":2,"minecraft:lead":6,"farmersdelight:rice_panicle":6,"minecraft:oak_stairs":10,"minecraft:enchanted_book":9,"minecraft:golden_shovel":1,"minecraft:brewing_stand":1,"paraglider:goddess_statue":6,"minecraft:string":15,"minecraft:cooked_salmon":1,"minecraft:shroomlight":13,"minecraft:gold_nugget":180,"minecraft:cobbled_deepslate":39,"minecraft:black_glazed_terracotta":18,"touhou_little_maid:smart_slab_init":3,"minecraft:spruce_planks":27,"minecraft:coal_block":36,"minecraft:golden_helmet":4,"minecraft:composter":3,"minecraft:cherry_log":4,"minecraft:warped_planks":14,"minecraft:cauldron":4,"minecraft:stone_sword":1,"farmersdelight:onion":10,"create:ochrum":1,"minecraft:iron_block":4,"farmersdelight:rope":8,"minecraft:bookshelf":5,"supplementaries:ash":51,"alexsmobs:lobster_tail":1,"alexsmobs:flying_fish":2,"minecraft:birch_log":1,"spartanweaponry:handle":3,"minecraft:magma_block":5,"minecraft:feather":16,"minecraft:cooked_beef":2,"minecraft:water_bucket":5,"minecraft:flint":15,"minecraft:lantern":31,"farmersdelight:tomato":34,"minecraft:twisting_vines":1,"minecraft:chipped_anvil":1,"spartanweaponry:iron_greatsword":1,"minecraft:stonecutter":5,"minecraft:rabbit":1,"minecraft:diamond_helmet":3,"minecraft:moss_block":2,"create:polished_cut_andesite":4,"patchouli:guide_book":2,"minecraft:warped_wart_block":1,"minecraft:ink_sac":5,"iceandfire:lightning_dragon_heart":1,"minecraft:trapped_chest":1,"minecraft:dark_oak_log":7,"minecraft:barrel":2,"alexsmobs:animal_dictionary":1,"minecraft:bundle":2,"minecraft:writable_book":1,"minecraft:bread":14,"alexsmobs:maggot":4,"minecraft:rooted_dirt":6,"iceandfire:raw_silver":2,"iceandfire:dragon_skull_lightning":4,"minecraft:mud":1,"minecraft:crafting_table":10,"minecraft:coarse_dirt":79,"minecraft:stripped_warped_hyphae":1,"minecraft:clay_ball":16,"minecraft:crimson_trapdoor":4,"tombstone:gemstone_of_familiar":1,"epicfight:stray_pants":2,"minecraft:cornflower":2,"minecraft:beef":31,"sawmill:sawmill":4,"minecraft:iron_nugget":53,"minecraft:poppy":10,"minecraft:spruce_slab":1,"minecraft:chest":24,"minecraft:birch_sapling":4,"minecraft:egg":59,"minecraft:oak_door":9,"minecraft:glow_item_frame":2,"minecraft:spruce_fence":1,"farmersdelight:tomato_seeds":8,"minecraft:carrot":79,"minecraft:redstone":14,"minecraft:prismarine_crystals":2,"minecraft:tnt":2,"create:polished_cut_asurine":2,"minecraft:diamond_chestplate":1,"minecraft:decorated_pot":1,"minecraft:diamond_boots":1,"touhou_little_maid:smart_slab_has_maid":1,"minecraft:sandstone_stairs":5,"tombstone:essence_of_undeath":2,"minecraft:gold_ingot":4,"minecraft:totem_of_undying":9,"minecraft:glow_berries":9,"minecraft:mutton":36,"minecraft:white_wool":27,"minecraft:stripped_oak_log":1,"samurai_dynasty:jade":8,"minecraft:red_mushroom":1,"minecraft:oak_log":166,"naturalist:cooked_egg":1,"minecraft:paper":66,"minecraft:white_banner":37,"create:cut_calcite_stairs":8,"create:cut_veridium":27,"minecraft:apple":4,"iceandfire:pixie_jar_empty":3,"minecraft:kelp":91,"minecraft:warped_stem":128,"minecraft:stone_pickaxe":1,"minecraft:glass_bottle":4,"creature_compendium:iron_golem_core":3,"minecraft:iron_sword":5,"minecraft:flowering_azalea":1,"minecraft:dark_oak_stairs":5,"iceandfire:copper_nugget":40,"minecraft:smooth_basalt":33,"minecraft:sweet_berries":30,"minecraft:gravel":267,"minecraft:spruce_log":28,"naturalist:cooked_bass":2,"iceandfire:dragonscales_copper":9,"minecraft:painting":3,"minecraft:oak_button":1,"minecraft:lodestone":2,"minecraft:wheat":43,"minecraft:yellow_wool":2,"minecraft:potion":34,"minecraft:stone_brick_stairs":1,"minecraft:crimson_planks":7,"minecraft:raw_copper":46,"travelersbackpack:diamond":1,"minecraft:armor_stand":17,"minecraft:iron_leggings":8,"minecraft:experience_bottle":1,"minecraft:oak_sign":5,"iceandfire:sea_serpent_scales_bronze":2,"minecraft:bucket":2,"minecraft:white_tulip":4,"samurai_dynasty:raw_silver":30,"minecraft:calcite":182,"minecraft:furnace":8,"minecraft:iron_boots":7,"minecraft:stick":28,"apotheosis:gem":16,"farmersdelight:rotten_tomato":4,"minecraft:oak_fence":5,"minecraft:torch":165,"epicfight:skillbook":13,"minecraft:porkchop":24,"astikorcarts:animal_cart":11,"iceandfire:rotten_egg":1,"tombstone:grave_dust":9,"tombstone:lollipop":23,"minecraft:rotten_flesh":34,"create:asurine":340,"create:veridium":201,"alexsmobs:emu_egg":11,"minecraft:cobblestone":417,"minecraft:nautilus_shell":2,"minecraft:pink_petals":17,"minecraft:leather_chestplate":2,"minecraft:lilac":1,"minecraft:magma_cream":1,"minecraft:cherry_planks":14,"minecraft:andesite":44,"minecraft:black_bed":3,"minecraft:golden_leggings":3,"minecraft:potato":18,"paraglider:spirit_orb":12,"minecraft:smooth_sandstone_stairs":17,"create:raw_zinc":2,"supplementaries:flax_seeds":12,"minecraft:dirt":722,"minecraft:lapis_lazuli":14,"minecraft:glass":15,"minecraft:bone":42,"minecraft:bow":20,"minecraft:wheat_seeds":302,"minecraft:raw_gold":12,"create:cut_asurine":15,"minecraft:mossy_stone_bricks":1,"minecraft:fletching_table":5,"ironfurnaces:iron_furnace":1,"minecraft:oak_planks":205,"samurai_dynasty:tanuki_statue":1,"minecraft:cooked_porkchop":15,"minecraft:axolotl_bucket":1,"minecraft:sand":243,"minecraft:lily_of_the_valley":3,"minecraft:chiseled_sandstone":1,"minecraft:mossy_cobblestone":3,"minecraft:sugar":8,"minecraft:diamond":14,"waystones:waystone":8,"minecraft:crossbow":6,"minecraft:emerald":79,"minecraft:oak_sapling":31,"minecraft:netherrack":176,"touhou_little_maid:shrine":2,"iceandfire:silver_nugget":2,"minecraft:charcoal":2,"minecraft:allium":9,"minecraft:azure_bluet":1,"minecraft:chicken":8,"minecraft:turtle_helmet":1,"create:polished_cut_calcite":7,"minecraft:brown_mushroom":3,"minecraft:gold_block":5,"minecraft:chain":3,"minecraft:oak_trapdoor":10,"minecraft:iron_axe":5,"minecraft:item_frame":6,"minecraft:candle":4,"minecraft:oak_boat":14,"minecraft:light_gray_wool":1,"minecraft:lectern":2,"minecraft:phantom_membrane":1,"minecraft:sugar_cane":54,"minecraft:cherry_trapdoor":1,"minecraft:spruce_trapdoor":64,"samurai_dynasty:aquamarine":2,"create:polished_cut_veridium":18,"minecraft:raw_iron":64,"iceandfire:dragonbone":39,"minecraft:copper_ingot":4,"slenderman:slender_book":1,"iceandfire:cyclops_eye":1,"minecraft:arrow":10,"minecraft:weeping_vines":1,"minecraft:saddle":1,"paraglider:horned_statue":8,"samurai_dynasty:jorogumo_eye":2,"minecraft:air":13,"minecraft:glow_ink_sac":24,"minecraft:crimson_stem":52,"minecraft:salmon":3,"minecraft:leather":33,"minecraft:birch_planks":29,"touhou_little_maid:film":2,"minecraft:nether_wart_block":3,"minecraft:gunpowder":12,"minecraft:cooked_mutton":3,"minecraft:smooth_sandstone":10,"minecraft:rabbit_hide":1,"minecraft:iron_ingot":35,"minecraft:cooked_chicken":5,"minecraft:stripped_oak_wood":17,"minecraft:book":43,"minecraft:scaffolding":49,"minecraft:oak_slab":5,"minecraft:pumpkin":16,"touhou_little_maid:smart_slab_empty":1,"minecraft:quartz":85,"minecraft:dandelion":3,"minecraft:red_banner":3,"minecraft:blast_furnace":5,"minecraft:white_bed":12,"minecraft:spider_eye":4,"minecraft:pumpkin_seeds":12,"minecraft:chainmail_leggings":1,"minecraft:iron_helmet":9,"tombstone:magic_scroll":1,"minecraft:coal":134},"minecraft:custom":{"minecraft:interact_with_crafting_table":142,"minecraft:open_barrel":13,"goblintraders:trade_with_goblin":20,"minecraft:leave_game":14,"minecraft:time_since_death":341168,"minecraft:damage_blocked_by_shield":2055,"tombstone:eaten_lollipop":9,"minecraft:play_time":1748191,"minecraft:deaths":2,"minecraft:jump":15705,"minecraft:interact_with_furnace":356,"minecraft:traded_with_villager":161,"minecraft:sleep_in_bed":57,"minecraft:waystone_activated":7,"minecraft:damage_dealt":36038,"tombstone:undead_killed":49,"minecraft:use_cauldron":40,"minecraft:horse_one_cm":182299,"minecraft:interact_with_smithing_table":8,"minecraft:interact_with_anvil":3,"minecraft:inspect_hopper":18,"minecraft:sneak_time":32040,"minecraft:interact_with_blast_furnace":2,"minecraft:total_world_time":1748191,"minecraft:interact_with_stonecutter":57,"minecraft:time_since_rest":326809,"minecraft:swim_one_cm":464860,"minecraft:fly_one_cm":11249531,"minecraft:open_chest":1112,"minecraft:fall_one_cm":283065,"minecraft:animals_bred":12,"minecraft:open_shulker_box":2,"minecraft:damage_resisted":0,"minecraft:sprint_one_cm":1937774,"minecraft:drop":202,"minecraft:talked_to_villager":104,"minecraft:walk_on_water_one_cm":585161,"minecraft:crouch_one_cm":89065,"minecraft:mob_kills":558,"minecraft:fill_cauldron":16,"minecraft:interact_with_campfire":38,"minecraft:damage_dealt_resisted":0,"minecraft:climb_one_cm":51749,"minecraft:walk_one_cm":8635211,"minecraft:walk_under_water_one_cm":1376293,"minecraft:boat_one_cm":2747021,"spartanshields:shield_bash_hits":1,"minecraft:raid_trigger":32,"minecraft:pot_flower":1,"minecraft:interact_with_grindstone":1,"minecraft:damage_taken":10055,"minecraft:damage_absorbed":631,"minecraft:trigger_trapped_chest":98},"minecraft:broken":{"easypaxellite:stone_paxel":2,"minecraft:iron_pickaxe":1,"minecraft:stone_pickaxe":1},"minecraft:mined":{"minecraft:white_bed":12,"iceandfire:copper_pile":1,"minecraft:cherry_log":4,"minecraft:crimson_trapdoor":4,"minecraft:coal_block":18,"minecraft:spawner":6,"minecraft:tall_seagrass":2,"minecraft:weeping_vines_plant":1,"minecraft:magma_block":6,"minecraft:fire":19,"minecraft:barrel":2,"create:cut_asurine":15,"minecraft:pumpkin":6,"minecraft:fletching_table":4,"minecraft:twisting_vines":2,"iceandfire:gold_pile":19,"minecraft:oak_sign":1,"minecraft:water_cauldron":1,"amendments:wall_lantern":1,"minecraft:oak_stairs":8,"create:polished_cut_veridium":18,"farmersdelight:rice_panicles":9,"minecraft:iron_block":4,"create:veridium":202,"minecraft:brown_mushroom":1,"minecraft:kelp_plant":8,"ironfurnaces:iron_furnace":1,"minecraft:torch":60,"minecraft:blast_furnace":5,"create:crimson_window":1,"minecraft:sugar_cane":4,"minecraft:chain":3,"minecraft:mud":2,"paraglider:horned_statue":7,"samurai_dynasty:deepslate_silver_ore":7,"minecraft:wheat":45,"minecraft:lilac":1,"minecraft:black_bed":2,"minecraft:stone_brick_stairs":1,"minecraft:grass":235,"minecraft:smooth_basalt":33,"minecraft:stonecutter":5,"minecraft:deepslate":39,"iceandfire:silver_ore":1,"minecraft:mossy_cobblestone":3,"farmersdelight:wild_carrots":25,"minecraft:dark_oak_log":7,"minecraft:sea_lantern":1,"minecraft:spruce_fence":1,"minecraft:moss_block":1,"minecraft:kelp":56,"samurai_dynasty:aquamarine_ore":2,"farmersdelight:wild_onions":5,"minecraft:potatoes":6,"minecraft:vine":3,"minecraft:warped_stem":131,"create:polished_cut_calcite":7,"minecraft:smithing_table":2,"minecraft:oak_slab":2,"minecraft:cherry_planks":10,"minecraft:potted_lily_of_the_valley":2,"minecraft:smooth_sandstone":1,"minecraft:emerald_ore":1,"minecraft:campfire":1,"minecraft:tall_grass":105,"minecraft:copper_ore":12,"minecraft:deepslate_gold_ore":7,"minecraft:warped_wart_block":1,"minecraft:coarse_dirt":79,"minecraft:trapped_chest":1,"minecraft:spruce_log":28,"minecraft:red_wall_banner":3,"iceandfire:silver_pile":1,"minecraft:gravel":199,"minecraft:cobweb":1,"minecraft:chipped_anvil":1,"minecraft:gold_ore":5,"minecraft:fern":7,"minecraft:spruce_planks":26,"minecraft:brewing_stand":1,"minecraft:cherry_trapdoor":1,"minecraft:spruce_trapdoor":62,"minecraft:cave_vines_plant":3,"minecraft:grass_block":374,"minecraft:stripped_warped_hyphae":1,"minecraft:composter":3,"minecraft:iron_ore":64,"minecraft:dark_oak_stairs":5,"create:asurine":341,"minecraft:potted_cornflower":1,"minecraft:deepslate_redstone_ore":2,"minecraft:clay":4,"minecraft:calcite":182,"minecraft:poppy":5,"minecraft:chest":24,"supplementaries:wild_flax":4,"minecraft:nether_quartz_ore":89,"minecraft:cobblestone":46,"minecraft:oak_planks":184,"minecraft:wall_torch":58,"minecraft:cauldron":3,"minecraft:deepslate_copper_ore":1,"minecraft:pink_petals":6,"minecraft:seagrass":1,"minecraft:warped_nylium":1,"minecraft:warped_planks":14,"minecraft:nether_wart_block":3,"minecraft:birch_log":1,"minecraft:tnt":2,"touhou_little_maid:shrine":2,"samurai_dynasty:silver_ore":23,"minecraft:oak_log":134,"minecraft:sand":160,"minecraft:dirt":167,"minecraft:crimson_planks":7,"minecraft:netherrack":185,"minecraft:oak_leaves":113,"minecraft:nether_gold_ore":8,"minecraft:deepslate_diamond_ore":14,"minecraft:candle":1,"minecraft:oak_door":6,"iceandfire:crackled_gravel":1,"sawmill:sawmill":4,"minecraft:decorated_pot":1,"create:ochrum":1,"farmersdelight:tomatoes":1,"minecraft:rooted_dirt":6,"minecraft:crimson_stem":54,"minecraft:large_fern":3,"minecraft:oak_trapdoor":5,"minecraft:furnace":8,"minecraft:carrots":15,"minecraft:black_glazed_terracotta":18,"create:polished_cut_asurine":2,"samurai_dynasty:tanuki_statue":1,"minecraft:gold_block":5,"minecraft:bookshelf":7,"minecraft:shroomlight":13,"minecraft:lantern":13,"minecraft:stripped_oak_log":1,"create:polished_cut_andesite":4,"minecraft:stone":363,"minecraft:white_tulip":4,"create:cut_calcite_stairs":8,"iceandfire:pixie_jar_empty":3,"minecraft:scaffolding":29,"minecraft:flowering_azalea":1,"minecraft:crafting_table":9,"samurai_dynasty:jade_ore":8,"create:cut_veridium":27,"minecraft:lapis_ore":2,"supplementaries:urn":23,"minecraft:birch_planks":5,"minecraft:sweet_berry_bush":8,"minecraft:white_wall_banner":1,"minecraft:coal_ore":86,"minecraft:cherry_leaves":1,"minecraft:lodestone":2,"paraglider:goddess_statue":4},"minecraft:dropped":{"minecraft:diamond":1,"minecraft:crafting_table":1,"minecraft:cooked_porkchop":18,"mermod:sea_necklace":1,"minecraft:saddle":1,"minecraft:dirt":1,"minecraft:iron_pickaxe":1,"tombstone:lollipop":1,"minecraft:stone_axe":1,"minecraft:cooked_chicken":5,"minecraft:rotten_flesh":26,"minecraft:enchanted_golden_apple":1,"supplementaries:flax_seeds":2,"apotheosis:gem":1,"farmersdelight:tomato_seeds":6,"minecraft:enchanted_book":2,"minecraft:wheat_seeds":24,"minecraft:iron_helmet":3,"minecraft:cobblestone":388,"minecraft:coal":15,"minecraft:coal_block":64,"touhou_little_maid:film":1,"minecraft:ink_sac":3,"minecraft:diamond_helmet":4,"minecraft:potion":19,"minecraft:chainmail_leggings":2,"minecraft:string":7,"minecraft:iron_boots":1,"spartanweaponry:bolt":64,"minecraft:pumpkin_seeds":4,"minecraft:spruce_planks":64,"minecraft:bow":2,"farmersdelight:tomato":9,"spartanweaponry:diamond_longbow":1,"epicfight:skillbook":3,"minecraft:birch_planks":6,"minecraft:leather":2,"minecraft:cobblestone_stairs":64,"paraglider:paraglider":1,"naturalist:cooked_egg":3,"minecraft:gold_ingot":1,"minecraft:armor_stand":3,"spartanshields:stone_basic_shield":2,"paraglider:goddess_statue":2,"minecraft:cooked_mutton":10,"touhou_little_maid:smart_slab_init":4,"minecraft:leather_chestplate":1,"supplementaries:ash":26,"minecraft:gunpowder":1,"minecraft:chainmail_boots":1,"easypaxellite:diamond_paxel":1,"minecraft:bread":22,"minecraft:oak_slab":2,"spartanweaponry:iron_throwing_knife":1,"minecraft:diamond_leggings":2,"minecraft:stick":3,"minecraft:torch":2,"tombstone:grave_dust":2,"minecraft:iron_leggings":2,"touhou_little_maid:smart_slab_empty":1,"epicfight:stray_pants":1,"iceandfire:dragonbone":1,"minecraft:kelp":1,"travelersbackpack:diamond":1,"minecraft:raw_iron":1,"minecraft:totem_of_undying":1,"minecraft:shield":1,"iceandfire:rotten_egg":1,"minecraft:diamond_chestplate":3,"minecraft:iron_chestplate":2,"minecraft:diamond_boots":3,"minecraft:spruce_log":192,"minecraft:stone_pickaxe":1}},"DataVersion":3465}