{"stats":{"minecraft:custom":{"minecraft:animals_bred":1,"minecraft:interact_with_crafting_table":79,"minecraft:open_barrel":6,"minecraft:eat_cake_slice":10,"minecraft:leave_game":10,"minecraft:time_since_death":469545,"minecraft:damage_resisted":2,"minecraft:sprint_one_cm":1815897,"minecraft:damage_blocked_by_shield":890,"minecraft:drop":68,"minecraft:talked_to_villager":4,"minecraft:play_time":488612,"minecraft:deaths":1,"minecraft:jump":6066,"minecraft:interact_with_brewingstand":1,"minecraft:walk_on_water_one_cm":128674,"minecraft:interact_with_furnace":207,"minecraft:sleep_in_bed":13,"minecraft:waystone_activated":5,"minecraft:damage_dealt":7616,"minecraft:crouch_one_cm":187315,"tombstone:undead_killed":7,"minecraft:use_cauldron":5,"minecraft:interact_with_smithing_table":1,"minecraft:mob_kills":79,"minecraft:damage_dealt_resisted":79,"minecraft:climb_one_cm":9882,"minecraft:walk_one_cm":2499712,"minecraft:sneak_time":23794,"minecraft:walk_under_water_one_cm":245331,"minecraft:boat_one_cm":115412,"minecraft:interact_with_blast_furnace":15,"minecraft:total_world_time":488612,"minecraft:interact_with_stonecutter":9,"minecraft:time_since_rest":200079,"minecraft:damage_taken":1764,"minecraft:trigger_trapped_chest":2,"minecraft:swim_one_cm":514078,"minecraft:fly_one_cm":2098937,"minecraft:open_chest":291,"minecraft:fall_one_cm":116363},"minecraft:used":{"minecraft:iron_shovel":1579,"minecraft:oak_sign":6,"minecraft:chest":16,"minecraft:shield":16,"minecraft:iron_sword":59,"minecraft:rotten_flesh":5,"naturalist:cooked_venison":1,"minecraft:mutton":1,"naturalist:cooked_bass":3,"touhou_little_maid:power_point":5,"minecraft:obsidian":1,"farmersdelight:tomato":6,"minecraft:lantern":3,"minecraft:item_frame":1,"ironfurnaces:iron_furnace":1,"minecraft:bow":19,"minecraft:magma_block":3,"minecraft:furnace":12,"minecraft:potato":4,"minecraft:diorite":23,"naturalist:cooked_egg":6,"minecraft:stone_pickaxe":656,"minecraft:oak_planks":201,"minecraft:wooden_pickaxe":50,"minecraft:sugar_cane":30,"minecraft:sand":191,"minecraft:blast_furnace":1,"minecraft:black_bed":4,"samurai_dynasty:tanuki_statue":1,"waystones:waystone":1,"minecraft:wooden_sword":63,"minecraft:andesite":83,"minecraft:air":3,"minecraft:coarse_dirt":5,"minecraft:oak_fence":1,"minecraft:iron_bars":1,"minecraft:stone_sword":112,"minecraft:wooden_shovel":59,"minecraft:cooked_salmon":1,"minecraft:cooked_chicken":1,"minecraft:oak_door":8,"minecraft:torch":21,"minecraft:dirt":584,"minecraft:cobblestone_wall":41,"minecraft:wooden_axe":57,"minecraft:iron_axe":122,"minecraft:tadpole_bucket":1,"minecraft:beef":1,"minecraft:cooked_beef":19,"farmersdelight:tomato_seeds":6,"minecraft:wheat_seeds":2,"minecraft:cooked_mutton":11,"minecraft:water_bucket":12,"alexsmobs:cooked_catfish":1,"minecraft:cobblestone_stairs":264,"minecraft:birch_planks":7,"minecraft:glass_bottle":65,"minecraft:baked_potato":1,"minecraft:stonecutter":1,"minecraft:green_bed":3,"minecraft:cobblestone_slab":5,"minecraft:crafting_table":7,"minecraft:white_bed":1,"alexsmobs:flying_fish":2,"minecraft:apple":13,"minecraft:iron_pickaxe":1083,"minecraft:suspicious_stew":1,"minecraft:stone_axe":222,"minecraft:cobblestone":1389,"minecraft:potion":75,"minecraft:cooked_porkchop":9,"minecraft:red_banner":2,"minecraft:bucket":15},"minecraft:broken":{"minecraft:iron_shovel":5,"minecraft:wooden_shovel":1,"minecraft:stone_pickaxe":5,"minecraft:wooden_sword":1,"minecraft:stone_axe":1,"minecraft:wooden_axe":1,"minecraft:iron_pickaxe":4},"minecraft:mined":{"minecraft:white_bed":1,"minecraft:cobblestone_stairs":113,"minecraft:grass_block":508,"minecraft:coal_block":11,"minecraft:tall_seagrass":1,"minecraft:magma_block":5,"minecraft:iron_ore":18,"minecraft:pumpkin":5,"minecraft:oak_sign":1,"minecraft:iron_bars":1,"farmersdelight:rice_panicles":1,"minecraft:green_bed":4,"minecraft:kelp_plant":2,"minecraft:torch":2,"minecraft:clay":3,"minecraft:blast_furnace":1,"minecraft:chest":1,"minecraft:cobblestone":264,"minecraft:sugar_cane":35,"minecraft:oak_planks":21,"minecraft:wall_torch":1,"minecraft:skeleton_skull":1,"minecraft:light_gray_stained_glass":6,"minecraft:birch_log":32,"minecraft:wheat":2,"minecraft:black_bed":4,"minecraft:grass":59,"minecraft:oak_log":280,"minecraft:sand":1085,"minecraft:dirt":161,"minecraft:oak_leaves":62,"create:zinc_ore":14,"minecraft:oak_door":8,"farmersdelight:tomatoes":6,"minecraft:kelp":1,"minecraft:sandstone":3,"minecraft:rooted_dirt":2,"minecraft:furnace":2,"minecraft:andesite":130,"minecraft:cobblestone_slab":1,"minecraft:lantern":2,"minecraft:stone":1049,"minecraft:brown_carpet":1,"minecraft:crafting_table":2,"minecraft:campfire":1,"minecraft:tall_grass":20,"minecraft:copper_ore":15,"minecraft:diorite":72,"minecraft:coarse_dirt":22,"minecraft:cobblestone_wall":5,"minecraft:birch_leaves":5,"minecraft:red_wall_banner":2,"minecraft:coal_ore":46,"minecraft:gravel":2},"minecraft:dropped":{"minecraft:oak_log":30,"minecraft:dark_oak_sapling":1,"minecraft:cooked_porkchop":2,"slenderman:slender_book":1,"minecraft:black_bed":1,"minecraft:dirt":3,"minecraft:sand":64,"minecraft:white_wool":15,"tombstone:lollipop":1,"minecraft:oak_door":3,"minecraft:gravel":2,"minecraft:iron_nugget":8,"alexsmobs:animal_dictionary":1,"minecraft:cooked_mutton":3,"minecraft:golden_shovel":1,"touhou_little_maid:smart_slab_init":1,"patchouli:guide_book":2,"supplementaries:ash":3,"minecraft:gunpowder":5,"apotheosis:gem":1,"minecraft:beef":3,"minecraft:water_bucket":2,"minecraft:wheat_seeds":11,"minecraft:golden_helmet":1,"minecraft:oak_fence":2,"minecraft:feather":6,"minecraft:chainmail_helmet":1,"minecraft:diorite":2,"minecraft:ink_sac":4,"minecraft:potion":6,"minecraft:dandelion":2,"minecraft:bowl":1,"minecraft:clay_ball":12,"naturalist:cooked_bass":2,"minecraft:blast_furnace":1,"minecraft:andesite":42,"minecraft:brown_carpet":1,"minecraft:stone_pickaxe":1,"farmersdelight:tomato":3},"minecraft:picked_up":{"minecraft:wheat":2,"minecraft:chainmail_boots":1,"minecraft:lead":1,"minecraft:potion":10,"minecraft:raw_copper":51,"minecraft:cooked_salmon":2,"spartanweaponry:bolt":64,"iceandfire:sea_serpent_scales_bronze":13,"minecraft:oak_sign":1,"minecraft:diamond_leggings":1,"touhou_little_maid:smart_slab_init":1,"minecraft:cobblestone_slab":1,"minecraft:iron_pickaxe":1,"minecraft:coal_block":11,"minecraft:furnace":2,"minecraft:stick":13,"apotheosis:gem":2,"minecraft:oak_fence":2,"minecraft:torch":4,"minecraft:green_bed":4,"minecraft:porkchop":36,"minecraft:diorite":74,"tombstone:lollipop":1,"minecraft:brown_carpet":1,"minecraft:rotten_flesh":7,"supplementaries:ash":3,"minecraft:iron_bars":1,"alexsmobs:flying_fish":3,"minecraft:cobblestone":1684,"minecraft:birch_log":33,"minecraft:leather_chestplate":1,"minecraft:magma_block":5,"minecraft:feather":9,"minecraft:andesite":128,"minecraft:black_bed":5,"create:raw_zinc":14,"farmersdelight:tomato":18,"minecraft:dirt":592,"minecraft:lantern":3,"minecraft:bone":2,"minecraft:bow":1,"samurai_dynasty:cloth":1,"minecraft:wheat_seeds":23,"minecraft:oak_planks":24,"samurai_dynasty:tanuki_statue":1,"minecraft:cooked_porkchop":1,"patchouli:guide_book":1,"minecraft:sand":1070,"minecraft:ink_sac":7,"minecraft:grass_block":1,"naturalist:antler":1,"waystones:waystone":1,"samurai_dynasty:straw_hat":1,"minecraft:emerald":1,"minecraft:rooted_dirt":2,"minecraft:oak_sapling":24,"minecraft:charcoal":2,"minecraft:crafting_table":2,"minecraft:coarse_dirt":22,"minecraft:chicken":3,"minecraft:clay_ball":12,"naturalist:venison":3,"minecraft:shield":1,"minecraft:item_frame":1,"minecraft:beef":26,"minecraft:iron_nugget":12,"minecraft:birch_sapling":2,"minecraft:sugar_cane":130,"minecraft:egg":5,"minecraft:dark_oak_sapling":1,"minecraft:raw_iron":18,"minecraft:sandstone":2,"naturalist:duck":1,"minecraft:oak_door":8,"farmersdelight:tomato_seeds":6,"minecraft:redstone":2,"spartanshields:stone_basic_shield":1,"minecraft:arrow":5,"minecraft:diamond_boots":1,"minecraft:mutton":15,"minecraft:skeleton_skull":1,"minecraft:white_wool":21,"iceandfire:sea_serpent_fang":8,"minecraft:salmon":1,"minecraft:leather":11,"minecraft:oak_log":304,"minecraft:chainmail_chestplate":1,"minecraft:gunpowder":6,"naturalist:cooked_egg":3,"minecraft:cobblestone_wall":5,"minecraft:cobblestone_stairs":173,"naturalist:bass":5,"minecraft:kelp":7,"minecraft:stone_pickaxe":1,"minecraft:book":6,"minecraft:pumpkin":5,"minecraft:dandelion":3,"minecraft:gravel":2,"minecraft:blast_furnace":2,"minecraft:red_banner":2,"minecraft:white_bed":1,"alexsmobs:raw_catfish":1,"minecraft:chainmail_leggings":1,"minecraft:iron_helmet":1,"minecraft:coal":46},"minecraft:crafted":{"naturalist:cooked_duck":1,"minecraft:black_dye":1,"minecraft:oak_planks":434,"minecraft:cobblestone_slab":4,"minecraft:oak_sign":6,"naturalist:cooked_venison":2,"minecraft:cooked_chicken":3,"ironfurnaces:iron_furnace":1,"minecraft:stone":3,"minecraft:cobblestone_stairs":2,"naturalist:cooked_bass":5,"minecraft:cooked_mutton":8,"minecraft:glass":37,"minecraft:chest":16,"minecraft:water_bucket":3,"alexsmobs:cooked_catfish":1,"minecraft:oak_fence":3,"minecraft:glass_bottle":15,"minecraft:wooden_shovel":1,"minecraft:cooked_porkchop":17,"minecraft:crafting_table":5,"minecraft:baked_potato":9,"minecraft:wooden_pickaxe":1,"minecraft:copper_ingot":38,"minecraft:birch_planks":52,"minecraft:charcoal":16,"minecraft:paper":54,"minecraft:stick":76,"minecraft:iron_ingot":20,"minecraft:iron_pickaxe":4,"minecraft:stone_sword":1,"minecraft:black_bed":1,"naturalist:cooked_egg":9,"minecraft:wooden_sword":1,"minecraft:oak_door":3,"minecraft:coal":117,"minecraft:furnace":11,"minecraft:stone_pickaxe":5,"minecraft:cobblestone_wall":1,"minecraft:cooked_beef":22,"minecraft:cooked_salmon":1,"minecraft:bucket":2,"minecraft:stone_axe":2,"minecraft:air":0,"minecraft:potion":44,"minecraft:wooden_axe":1,"minecraft:iron_shovel":6,"minecraft:stonecutter":1,"minecraft:white_bed":1,"minecraft:torch":12,"create:zinc_ingot":4},"minecraft:killed":{"samurai_dynasty:komainu":1,"naturalist:snail":1,"minecraft:skeleton":3,"minecraft:chicken":4,"touhou_little_maid:fairy":2,"minecraft:pig":16,"minecraft:salmon":1,"minecraft:creeper":1,"minecraft:sheep":13,"minecraft:pillager":1,"minecraft:zombie":1,"samurai_dynasty:kawauso":1,"alexsmobs:fly":1,"iceandfire:sea_serpent":1,"minecraft:cow":11,"alexsmobs:seagull":1,"naturalist:duck":1,"naturalist:coral_snake":1,"naturalist:deer":2,"naturalist:bass":5,"minecraft:drowned":3,"alexsmobs:flying_fish":3,"minecraft:squid":1,"alexsmobs:catfish":1,"naturalist:canary":1,"naturalist:sparrow":1,"minecraft:enderman":1}},"DataVersion":3465}