{"stats":{"minecraft:crafted":{"naturalist:cooked_duck":1,"minecraft:black_dye":1,"minecraft:oak_planks":710,"securitycraft:mine":30,"minecraft:cobblestone_slab":4,"minecraft:oak_sign":6,"naturalist:cooked_venison":3,"minecraft:cooked_chicken":3,"spartanshields:wooden_tower_shield":1,"ironfurnaces:iron_furnace":2,"minecraft:stone":3,"minecraft:cobblestone_stairs":2,"naturalist:cooked_bass":5,"minecraft:cooked_mutton":8,"iceandfire:tide_purple_chestplate":1,"minecraft:glass":101,"minecraft:chest":18,"minecraft:water_bucket":3,"alexsmobs:cooked_catfish":1,"minecraft:oak_fence":15,"minecraft:glass_bottle":42,"farmersdelight:tomato_seeds":11,"minecraft:oak_slab":6,"minecraft:wooden_shovel":2,"minecraft:cooked_porkchop":17,"securitycraft:sand_mine":1,"minecraft:crafting_table":7,"spartanshields:iron_tower_shield":1,"minecraft:wooden_pickaxe":1,"minecraft:baked_potato":9,"minecraft:copper_ingot":38,"supplementaries:sign_post_oak":1,"minecraft:birch_planks":52,"minecraft:paper":54,"minecraft:charcoal":16,"minecraft:stick":96,"minecraft:iron_ingot":20,"minecraft:iron_pickaxe":4,"minecraft:stone_sword":1,"minecraft:black_bed":1,"naturalist:cooked_egg":9,"sawmill:sawmill":1,"minecraft:wooden_sword":1,"minecraft:oak_door":3,"minecraft:coal":117,"minecraft:furnace":12,"iceandfire:tide_bronze_boots":1,"iceandfire:tide_bronze_leggings":1,"minecraft:iron_hoe":1,"minecraft:stone_pickaxe":5,"minecraft:cobblestone_wall":1,"minecraft:cooked_beef":45,"supplementaries:item_shelf":1,"alexsmobs:cooked_lobster_tail":0,"iceandfire:tide_trident":1,"minecraft:cooked_salmon":1,"minecraft:bucket":5,"minecraft:stone_axe":2,"minecraft:air":0,"securitycraft:dirt_mine":15,"minecraft:oak_boat":2,"minecraft:potion":86,"minecraft:wooden_axe":1,"minecraft:oak_stairs":60,"minecraft:iron_shovel":6,"minecraft:stonecutter":1,"minecraft:white_bed":1,"minecraft:torch":12,"create:zinc_ingot":14},"minecraft:used":{"alexsmobs:emu_egg":1,"iceandfire:tide_trident":19,"minecraft:iron_shovel":1822,"farmersdelight:cabbage_seeds":6,"minecraft:oak_sign":6,"minecraft:chest":18,"minecraft:shield":32,"minecraft:iron_sword":163,"tombstone:lollipop":1,"minecraft:rotten_flesh":5,"naturalist:cooked_venison":3,"minecraft:mutton":1,"minecraft:carrot":4,"naturalist:cooked_bass":3,"touhou_little_maid:power_point":9,"minecraft:milk_bucket":1,"minecraft:obsidian":1,"minecraft:lava_bucket":2,"farmersdelight:tomato":6,"minecraft:lantern":3,"minecraft:item_frame":1,"ironfurnaces:iron_furnace":3,"minecraft:magma_block":3,"minecraft:bow":51,"minecraft:furnace":12,"minecraft:beetroot_seeds":28,"minecraft:potato":4,"epicfight:skillbook":1,"minecraft:diorite":23,"naturalist:cooked_egg":17,"minecraft:stone_pickaxe":656,"minecraft:oak_planks":268,"minecraft:wooden_pickaxe":50,"minecraft:sugar_cane":116,"minecraft:sand":191,"minecraft:blast_furnace":1,"minecraft:black_bed":4,"samurai_dynasty:tanuki_statue":1,"waystones:waystone":1,"supplementaries:flax_seeds":1,"minecraft:wooden_sword":63,"naturalist:cooked_duck":1,"minecraft:andesite":83,"minecraft:oak_boat":2,"minecraft:air":3,"minecraft:coarse_dirt":5,"minecraft:oak_fence":8,"minecraft:trident":3,"minecraft:iron_bars":1,"minecraft:stone_sword":112,"minecraft:armor_stand":1,"minecraft:wooden_shovel":120,"minecraft:cooked_salmon":1,"minecraft:cooked_chicken":1,"minecraft:oak_door":8,"minecraft:torch":21,"minecraft:dirt":714,"minecraft:cobblestone_wall":41,"supplementaries:item_shelf":1,"minecraft:iron_hoe":65,"minecraft:wooden_axe":57,"minecraft:iron_axe":150,"minecraft:oak_stairs":72,"minecraft:totem_of_undying":1,"minecraft:tadpole_bucket":1,"securitycraft:sand_mine":1,"minecraft:beef":1,"alexsmobs:lobster_bucket":4,"securitycraft:dirt_mine":15,"minecraft:cooked_beef":38,"farmersdelight:tomato_seeds":24,"minecraft:wheat_seeds":21,"minecraft:cooked_mutton":11,"alexsmobs:cooked_catfish":1,"minecraft:water_bucket":59,"minecraft:cobblestone_stairs":264,"minecraft:birch_planks":7,"minecraft:glass_bottle":107,"minecraft:baked_potato":1,"minecraft:stonecutter":1,"minecraft:green_bed":3,"minecraft:cobblestone_slab":5,"spartanshields:iron_tower_shield":3,"minecraft:oak_slab":2,"minecraft:crafting_table":10,"minecraft:white_bed":1,"minecraft:oak_log":45,"alexsmobs:flying_fish":2,"minecraft:apple":13,"minecraft:iron_pickaxe":1115,"sawmill:sawmill":1,"minecraft:suspicious_stew":1,"minecraft:stone_axe":222,"minecraft:cobblestone":1409,"minecraft:potion":110,"minecraft:cooked_porkchop":9,"minecraft:red_banner":2,"minecraft:bucket":68},"minecraft:killed":{"alexsmobs:lobster":2,"samurai_dynasty:komainu":1,"naturalist:snail":1,"minecraft:skeleton":3,"minecraft:guardian":9,"minecraft:chicken":4,"touhou_little_maid:fairy":2,"minecraft:pig":16,"alexsmobs:grizzly_bear":1,"minecraft:salmon":1,"minecraft:creeper":1,"minecraft:sheep":13,"minecraft:trader_llama":2,"minecraft:pillager":1,"samurai_dynasty:kawauso":1,"minecraft:zombie":1,"alexsmobs:fly":2,"iceandfire:sea_serpent":3,"minecraft:cow":11,"alexsmobs:seagull":2,"naturalist:duck":1,"minecraft:phantom":1,"naturalist:coral_snake":1,"naturalist:deer":2,"iceandfire:siren":5,"naturalist:bass":5,"minecraft:drowned":4,"alexsmobs:bison":3,"alexsmobs:frilled_shark":1,"alexsmobs:flying_fish":3,"minecraft:frog":1,"minecraft:wandering_trader":1,"minecraft:squid":2,"alexsmobs:catfish":1,"naturalist:canary":1,"naturalist:sparrow":1,"minecraft:enderman":1},"minecraft:picked_up":{"minecraft:wheat":4,"minecraft:chainmail_boots":1,"minecraft:prismarine_shard":15,"minecraft:lead":8,"minecraft:potion":14,"minecraft:raw_copper":51,"minecraft:cooked_salmon":2,"spartanweaponry:bolt":64,"iceandfire:sea_serpent_scales_bronze":13,"minecraft:beetroot":8,"minecraft:oak_sign":1,"minecraft:deepslate_tiles":1,"minecraft:diamond_leggings":1,"minecraft:bucket":2,"touhou_little_maid:smart_slab_init":1,"minecraft:cobblestone_slab":1,"minecraft:iron_pickaxe":1,"minecraft:coal_block":11,"farmersdelight:cabbage_seeds":2,"minecraft:furnace":2,"minecraft:stick":15,"apotheosis:gem":2,"minecraft:oak_fence":7,"minecraft:torch":6,"minecraft:green_bed":4,"epicfight:skillbook":1,"minecraft:porkchop":36,"tombstone:grave_dust":2,"minecraft:diorite":74,"tombstone:lollipop":2,"minecraft:brown_carpet":1,"minecraft:rotten_flesh":11,"alexsmobs:emu_egg":2,"supplementaries:ash":3,"minecraft:cod":2,"minecraft:iron_bars":1,"alexsmobs:lobster_tail":1,"alexsmobs:flying_fish":3,"minecraft:cobblestone":1711,"minecraft:birch_log":33,"minecraft:leather_chestplate":1,"minecraft:magma_block":5,"minecraft:feather":10,"minecraft:cooked_beef":1,"minecraft:andesite":128,"minecraft:black_bed":5,"alexsmobs:bear_fur":1,"alexsmobs:bison_fur":3,"supplementaries:item_shelf":1,"create:raw_zinc":14,"minecraft:lantern":3,"farmersdelight:tomato":25,"minecraft:dirt":779,"minecraft:bone":2,"minecraft:bow":1,"samurai_dynasty:cloth":1,"minecraft:wheat_seeds":43,"ironfurnaces:iron_furnace":1,"minecraft:oak_planks":24,"samurai_dynasty:tanuki_statue":1,"minecraft:cooked_porkchop":1,"patchouli:guide_book":1,"iceandfire:shiny_scales":14,"minecraft:sand":1192,"minecraft:ink_sac":10,"minecraft:grass_block":1,"naturalist:antler":1,"minecraft:diamond":1,"waystones:waystone":1,"samurai_dynasty:straw_hat":1,"minecraft:crossbow":1,"minecraft:emerald":1,"alexsmobs:maggot":1,"minecraft:rooted_dirt":2,"minecraft:oak_sapling":30,"iceandfire:raw_silver":2,"minecraft:charcoal":2,"minecraft:crafting_table":3,"minecraft:coarse_dirt":23,"minecraft:chicken":3,"minecraft:clay_ball":12,"naturalist:venison":3,"minecraft:shield":1,"minecraft:iron_axe":2,"minecraft:item_frame":1,"minecraft:beef":49,"minecraft:iron_nugget":12,"minecraft:birch_sapling":2,"minecraft:sugar_cane":208,"minecraft:egg":20,"iceandfire:dragonbone":1,"minecraft:dark_oak_sapling":1,"minecraft:raw_iron":18,"minecraft:sandstone":2,"naturalist:duck":1,"minecraft:oak_door":8,"farmersdelight:tomato_seeds":11,"minecraft:trident":1,"minecraft:redstone":2,"minecraft:prismarine_crystals":11,"spartanshields:stone_basic_shield":1,"iceandfire:sea_serpent_scales_purple":9,"minecraft:arrow":5,"minecraft:beetroot_seeds":30,"minecraft:diamond_boots":1,"minecraft:mutton":15,"minecraft:skeleton_skull":1,"minecraft:white_wool":21,"minecraft:wet_sponge":5,"iceandfire:sea_serpent_fang":22,"minecraft:golden_carrot":1,"minecraft:salmon":1,"minecraft:leather":14,"minecraft:oak_log":321,"minecraft:chainmail_chestplate":1,"minecraft:gunpowder":6,"naturalist:cooked_egg":8,"minecraft:cobblestone_wall":5,"minecraft:cobblestone_stairs":173,"naturalist:bass":5,"minecraft:kelp":7,"minecraft:stone_pickaxe":1,"minecraft:oak_slab":4,"minecraft:book":6,"minecraft:milk_bucket":1,"minecraft:pumpkin":5,"iceandfire:sea_serpent_scales_green":8,"minecraft:dandelion":5,"minecraft:gravel":2,"minecraft:blast_furnace":2,"minecraft:red_banner":2,"minecraft:white_bed":1,"alexsmobs:raw_catfish":1,"minecraft:chainmail_leggings":1,"minecraft:iron_helmet":1,"minecraft:coal":46},"minecraft:custom":{"minecraft:animals_bred":1,"minecraft:interact_with_crafting_table":118,"minecraft:open_barrel":11,"minecraft:eat_cake_slice":10,"minecraft:leave_game":11,"minecraft:time_since_death":624706,"minecraft:damage_resisted":2,"minecraft:sprint_one_cm":2354203,"minecraft:damage_blocked_by_shield":1970,"minecraft:drop":97,"tombstone:eaten_lollipop":1,"minecraft:talked_to_villager":5,"minecraft:play_time":643773,"minecraft:deaths":1,"minecraft:jump":7815,"minecraft:interact_with_brewingstand":1,"minecraft:walk_on_water_one_cm":229983,"minecraft:interact_with_furnace":240,"minecraft:sleep_in_bed":13,"minecraft:waystone_activated":5,"minecraft:damage_dealt":16108,"minecraft:crouch_one_cm":189279,"tombstone:undead_killed":9,"minecraft:use_cauldron":5,"minecraft:interact_with_smithing_table":1,"minecraft:mob_kills":111,"minecraft:damage_dealt_resisted":79,"minecraft:climb_one_cm":10190,"minecraft:walk_one_cm":3083823,"minecraft:sneak_time":24676,"minecraft:walk_under_water_one_cm":393849,"minecraft:boat_one_cm":419581,"minecraft:interact_with_blast_furnace":15,"minecraft:total_world_time":643773,"minecraft:tune_noteblock":3,"minecraft:interact_with_stonecutter":17,"minecraft:time_since_rest":355240,"minecraft:damage_absorbed":17,"minecraft:damage_taken":3630,"minecraft:trigger_trapped_chest":2,"minecraft:swim_one_cm":1233491,"minecraft:fly_one_cm":2882166,"minecraft:open_chest":389,"minecraft:fall_one_cm":152329},"minecraft:broken":{"minecraft:iron_shovel":6,"minecraft:wooden_shovel":2,"minecraft:stone_pickaxe":5,"minecraft:wooden_sword":1,"minecraft:stone_axe":1,"minecraft:wooden_axe":1,"minecraft:iron_pickaxe":4},"minecraft:mined":{"minecraft:white_bed":1,"minecraft:cobblestone_stairs":113,"minecraft:grass_block":688,"minecraft:coal_block":11,"minecraft:tall_seagrass":4,"minecraft:magma_block":5,"minecraft:iron_ore":18,"minecraft:fire":9,"minecraft:pumpkin":5,"minecraft:oak_sign":1,"minecraft:iron_bars":1,"farmersdelight:rice_panicles":1,"minecraft:green_bed":4,"minecraft:kelp_plant":2,"ironfurnaces:iron_furnace":1,"minecraft:clay":3,"minecraft:torch":2,"minecraft:blast_furnace":1,"minecraft:chest":1,"farmersdelight:cabbages":2,"minecraft:cobblestone":264,"minecraft:sugar_cane":76,"minecraft:oak_planks":21,"minecraft:wall_torch":1,"minecraft:seagrass":1,"minecraft:skeleton_skull":1,"farmersdelight:sandy_shrub":2,"minecraft:light_gray_stained_glass":6,"minecraft:birch_log":32,"minecraft:wheat":4,"minecraft:black_bed":4,"minecraft:grass":71,"minecraft:oak_log":297,"minecraft:beetroots":7,"minecraft:sand":1208,"minecraft:dirt":168,"minecraft:oak_leaves":62,"minecraft:deepslate_tiles":2,"create:zinc_ore":14,"iceandfire:silver_ore":2,"minecraft:oak_door":8,"farmersdelight:tomatoes":11,"minecraft:kelp":1,"minecraft:sandstone":3,"minecraft:rooted_dirt":2,"minecraft:furnace":2,"minecraft:andesite":130,"minecraft:cobblestone_slab":1,"minecraft:lantern":2,"minecraft:wet_sponge":5,"minecraft:stone":1076,"minecraft:brown_carpet":1,"minecraft:dandelion":1,"minecraft:oak_fence":1,"minecraft:crafting_table":3,"supplementaries:item_shelf":1,"minecraft:campfire":1,"minecraft:tall_grass":21,"minecraft:copper_ore":15,"minecraft:diorite":72,"farmersdelight:wild_beetroots":12,"minecraft:coarse_dirt":23,"minecraft:cobblestone_wall":5,"minecraft:birch_leaves":5,"minecraft:red_wall_banner":2,"minecraft:coal_ore":46,"minecraft:gravel":2},"minecraft:dropped":{"minecraft:cooked_beef":1,"minecraft:oak_log":30,"minecraft:dark_oak_sapling":1,"minecraft:cooked_porkchop":2,"slenderman:slender_book":1,"minecraft:scute":1,"minecraft:black_bed":1,"minecraft:dirt":3,"minecraft:sand":64,"minecraft:white_wool":15,"naturalist:cooked_egg":5,"tombstone:lollipop":1,"minecraft:oak_door":3,"minecraft:gravel":2,"minecraft:iron_nugget":8,"alexsmobs:animal_dictionary":1,"minecraft:rotten_flesh":4,"minecraft:cooked_mutton":3,"minecraft:golden_shovel":1,"touhou_little_maid:smart_slab_init":1,"patchouli:guide_book":2,"supplementaries:ash":3,"minecraft:turtle_helmet":1,"minecraft:deepslate_tiles":1,"minecraft:gunpowder":5,"apotheosis:gem":1,"minecraft:beef":3,"minecraft:water_bucket":2,"minecraft:oak_slab":5,"minecraft:wheat_seeds":14,"minecraft:golden_helmet":1,"iceandfire:sea_serpent_scales_bronze":2,"minecraft:oak_fence":10,"minecraft:feather":7,"minecraft:cobblestone":7,"minecraft:chainmail_helmet":1,"minecraft:stick":6,"minecraft:diorite":2,"minecraft:ink_sac":5,"tombstone:grave_dust":2,"minecraft:potion":6,"minecraft:iron_axe":1,"minecraft:bucket":2,"minecraft:dandelion":2,"alexsmobs:maggot":1,"minecraft:bowl":1,"minecraft:clay_ball":12,"naturalist:cooked_bass":2,"minecraft:blast_furnace":1,"minecraft:andesite":42,"minecraft:brown_carpet":1,"minecraft:stone_pickaxe":1,"minecraft:nautilus_shell":2,"farmersdelight:tomato":3}},"DataVersion":3465}