{"stats":{"minecraft:crafted":{"minecraft:oak_planks":300,"minecraft:stone_shovel":4,"minecraft:furnace":1,"minecraft:cooked_mutton":2,"minecraft:stone_pickaxe":1,"minecraft:chest":8,"minecraft:stone_hoe":3,"minecraft:cooked_beef":12,"minecraft:crafting_table":2,"minecraft:bucket":1,"minecraft:stone_axe":3,"minecraft:air":0,"minecraft:potion":24,"minecraft:shield":1,"minecraft:stick":52,"minecraft:iron_pickaxe":1,"minecraft:torch":28,"minecraft:shears":1},"minecraft:used":{"minecraft:stone_shovel":538,"minecraft:chest":11,"minecraft:shield":19,"minecraft:stone_hoe":369,"minecraft:cooked_chicken":2,"minecraft:iron_chestplate":1,"touhou_little_maid:smart_slab_init":1,"minecraft:torch":28,"minecraft:dirt":347,"minecraft:carrot":138,"minecraft:rooted_dirt":6,"minecraft:birch_sapling":2,"minecraft:iron_helmet":1,"minecraft:iron_boots":1,"minecraft:furnace":1,"minecraft:oak_sapling":33,"tombstone:gift":2,"minecraft:cooked_beef":4,"minecraft:potato":72,"minecraft:iron_leggings":1,"minecraft:wheat_seeds":164,"minecraft:cooked_mutton":2,"minecraft:water_bucket":11,"epicfight:skillbook":3,"minecraft:glass_bottle":26,"minecraft:stone_pickaxe":138,"minecraft:oak_planks":133,"minecraft:crafting_table":3,"minecraft:white_bed":1,"minecraft:oak_log":25,"minecraft:bread":8,"minecraft:iron_pickaxe":41,"minecraft:spruce_sapling":3,"touhou_little_maid:smart_slab_has_maid":2,"minecraft:stone_axe":222,"minecraft:potion":28,"minecraft:cooked_porkchop":3,"minecraft:bucket":11,"alexsmobs:animal_dictionary":1,"minecraft:air":1,"minecraft:coarse_dirt":122},"minecraft:killed":{"minecraft:phantom":3,"minecraft:skeleton":6,"touhou_little_maid:fairy":6,"minecraft:creeper":2,"minecraft:sheep":12,"minecraft:zombie":5},"minecraft:picked_up":{"minecraft:coarse_dirt":50,"minecraft:crafting_table":1,"minecraft:wheat":82,"easypaxellite:diamond_paxel":1,"minecraft:potion":10,"minecraft:candle":8,"touhou_little_maid:smart_slab_init":1,"minecraft:spruce_planks":64,"minecraft:light_gray_wool":3,"minecraft:enchanted_golden_apple":1,"minecraft:coal_block":64,"minecraft:chest":3,"minecraft:iron_boots":1,"minecraft:egg":34,"minecraft:raw_iron":9,"minecraft:stick":51,"minecraft:torch":9,"epicfight:skillbook":3,"farmersdelight:tomato_seeds":6,"iceandfire:rotten_egg":2,"tombstone:grave_dust":4,"minecraft:carrot":140,"minecraft:arrow":3,"minecraft:diamond_chestplate":1,"minecraft:rotten_flesh":4,"alexsmobs:emu_egg":3,"minecraft:gold_ingot":1,"tombstone:essence_of_undeath":1,"supplementaries:ash":2,"minecraft:mutton":16,"minecraft:white_wool":38,"minecraft:cobblestone":122,"minecraft:stripped_oak_log":1,"minecraft:glow_ink_sac":2,"minecraft:leather":2,"minecraft:potato":43,"minecraft:flint":7,"minecraft:oak_log":81,"minecraft:chainmail_chestplate":1,"minecraft:dirt":281,"minecraft:hanging_roots":5,"minecraft:bone":3,"minecraft:apple":2,"minecraft:kelp":2,"minecraft:bow":1,"minecraft:wheat_seeds":203,"minecraft:cooked_chicken":2,"tombstone:bag_of_seeds":1,"minecraft:diamond_helmet":1,"minecraft:oak_planks":4,"minecraft:cooked_porkchop":4,"minecraft:gravel":40,"minecraft:stripped_spruce_log":8,"minecraft:spruce_sapling":3,"minecraft:white_bed":1,"minecraft:spruce_log":207,"minecraft:gray_wool":15,"minecraft:bread":8,"tombstone:magic_scroll":1,"minecraft:oak_sapling":22,"minecraft:black_wool":5,"minecraft:coal":30},"minecraft:custom":{"minecraft:mob_kills":35,"minecraft:animals_bred":12,"minecraft:interact_with_crafting_table":40,"minecraft:open_barrel":17,"minecraft:damage_dealt_resisted":14,"minecraft:leave_game":3,"minecraft:time_since_death":239663,"minecraft:climb_one_cm":3591,"minecraft:sprint_one_cm":1003257,"minecraft:walk_one_cm":2150283,"minecraft:damage_blocked_by_shield":537,"minecraft:drop":8,"minecraft:talked_to_villager":2,"minecraft:play_time":239663,"minecraft:sneak_time":3962,"minecraft:walk_under_water_one_cm":25757,"minecraft:jump":2066,"astikorcarts:cart_one_cm":2974,"minecraft:walk_on_water_one_cm":15769,"minecraft:total_world_time":239663,"minecraft:interact_with_furnace":55,"minecraft:interact_with_stonecutter":1,"minecraft:sleep_in_bed":9,"minecraft:time_since_rest":18033,"minecraft:waystone_activated":3,"minecraft:damage_taken":590,"minecraft:damage_dealt":4738,"minecraft:swim_one_cm":36507,"minecraft:fly_one_cm":566288,"minecraft:open_chest":254,"minecraft:crouch_one_cm":29101,"tombstone:undead_killed":14,"minecraft:fall_one_cm":32918},"minecraft:broken":{"minecraft:stone_hoe":1,"minecraft:stone_pickaxe":1,"minecraft:stone_axe":2,"minecraft:stone_shovel":3},"minecraft:mined":{"minecraft:white_bed":1,"minecraft:oak_sapling":1,"minecraft:farmland":11,"minecraft:candle":3,"minecraft:grass_block":135,"minecraft:spruce_leaves":4,"minecraft:large_fern":3,"minecraft:carrots":40,"minecraft:iron_ore":9,"minecraft:stripped_spruce_log":8,"minecraft:potatoes":18,"minecraft:dirt_path":12,"minecraft:stripped_oak_log":1,"minecraft:stone":123,"minecraft:crafting_table":1,"minecraft:torch":3,"minecraft:chest":3,"minecraft:tall_grass":21,"minecraft:oak_planks":4,"minecraft:wall_torch":4,"minecraft:coarse_dirt":50,"minecraft:wheat":47,"minecraft:spruce_log":15,"minecraft:birch_leaves":8,"minecraft:grass":155,"minecraft:coal_ore":30,"minecraft:oak_log":82,"minecraft:gravel":47,"minecraft:dirt":98,"minecraft:oak_leaves":25},"minecraft:dropped":{"slenderman:slender_book":1,"minecraft:stick":39,"minecraft:dirt":27,"minecraft:coarse_dirt":1,"alexsmobs:animal_dictionary":1,"touhou_little_maid:smart_slab_init":1,"patchouli:guide_book":2}},"DataVersion":3465}