{"stats":{"minecraft:crafted":{"minecraft:cooked_beef":12,"minecraft:oak_planks":104,"minecraft:stone_shovel":4,"minecraft:crafting_table":1,"minecraft:furnace":1,"minecraft:bucket":1,"minecraft:stone_axe":2,"minecraft:cooked_mutton":2,"minecraft:air":0,"minecraft:potion":14,"minecraft:shield":1,"minecraft:stick":52,"minecraft:iron_pickaxe":1,"minecraft:stone_pickaxe":1,"minecraft:chest":2,"minecraft:torch":12,"minecraft:stone_hoe":3,"minecraft:shears":1},"minecraft:used":{"minecraft:wheat_seeds":80,"epicfight:skillbook":1,"minecraft:water_bucket":11,"minecraft:stone_pickaxe":114,"minecraft:glass_bottle":18,"minecraft:stone_shovel":502,"minecraft:oak_planks":54,"minecraft:chest":2,"minecraft:shield":15,"minecraft:stone_hoe":261,"minecraft:cooked_chicken":2,"minecraft:iron_chestplate":1,"touhou_little_maid:smart_slab_init":1,"minecraft:torch":13,"minecraft:dirt":256,"minecraft:crafting_table":2,"minecraft:carrot":21,"minecraft:white_bed":1,"minecraft:oak_log":9,"minecraft:rooted_dirt":6,"minecraft:bread":8,"minecraft:birch_sapling":2,"minecraft:iron_pickaxe":39,"minecraft:iron_helmet":1,"minecraft:iron_boots":1,"minecraft:spruce_sapling":3,"touhou_little_maid:smart_slab_has_maid":2,"minecraft:stone_axe":174,"minecraft:potion":20,"minecraft:oak_sapling":33,"minecraft:furnace":1,"minecraft:cooked_porkchop":3,"minecraft:cooked_beef":4,"minecraft:bucket":11,"alexsmobs:animal_dictionary":1,"minecraft:air":1,"minecraft:potato":11,"minecraft:coarse_dirt":122,"minecraft:iron_leggings":1},"minecraft:killed":{"minecraft:creeper":2,"minecraft:skeleton":3,"minecraft:sheep":1,"minecraft:zombie":4,"touhou_little_maid:fairy":6},"minecraft:picked_up":{"minecraft:stripped_oak_log":1,"minecraft:crafting_table":1,"minecraft:coarse_dirt":50,"minecraft:glow_ink_sac":2,"minecraft:leather":2,"minecraft:potato":13,"minecraft:potion":10,"minecraft:flint":7,"minecraft:oak_log":81,"minecraft:chainmail_chestplate":1,"minecraft:dirt":253,"minecraft:bone":2,"minecraft:hanging_roots":5,"minecraft:apple":2,"minecraft:kelp":1,"minecraft:bow":1,"minecraft:wheat_seeds":31,"minecraft:candle":8,"touhou_little_maid:smart_slab_init":1,"minecraft:cooked_chicken":2,"tombstone:bag_of_seeds":1,"minecraft:diamond_helmet":1,"minecraft:oak_planks":2,"minecraft:egg":10,"minecraft:stick":51,"minecraft:raw_iron":9,"minecraft:cooked_porkchop":4,"minecraft:torch":2,"minecraft:gravel":40,"epicfight:skillbook":1,"farmersdelight:tomato_seeds":6,"minecraft:spruce_sapling":3,"iceandfire:rotten_egg":1,"tombstone:grave_dust":3,"minecraft:spruce_log":15,"minecraft:white_bed":1,"minecraft:carrot":16,"minecraft:arrow":1,"minecraft:rotten_flesh":4,"minecraft:diamond_chestplate":1,"alexsmobs:emu_egg":1,"minecraft:gray_wool":5,"minecraft:bread":8,"tombstone:essence_of_undeath":1,"minecraft:gold_ingot":1,"supplementaries:ash":2,"minecraft:oak_sapling":22,"minecraft:black_wool":5,"minecraft:mutton":2,"minecraft:coal":15,"minecraft:white_wool":12,"minecraft:cobblestone":111},"minecraft:custom":{"minecraft:interact_with_furnace":41,"minecraft:mob_kills":17,"minecraft:interact_with_crafting_table":19,"minecraft:open_barrel":17,"minecraft:damage_dealt_resisted":14,"minecraft:leave_game":3,"minecraft:time_since_death":191663,"minecraft:sleep_in_bed":8,"minecraft:climb_one_cm":3591,"minecraft:time_since_rest":5175,"minecraft:waystone_activated":3,"minecraft:sprint_one_cm":808919,"minecraft:damage_taken":422,"minecraft:walk_one_cm":1730154,"minecraft:damage_blocked_by_shield":427,"minecraft:drop":8,"minecraft:damage_dealt":2581,"minecraft:swim_one_cm":36507,"minecraft:talked_to_villager":2,"minecraft:fly_one_cm":472159,"minecraft:open_chest":167,"minecraft:crouch_one_cm":13393,"minecraft:play_time":191663,"tombstone:undead_killed":7,"minecraft:sneak_time":2113,"minecraft:walk_under_water_one_cm":25757,"minecraft:jump":1689,"astikorcarts:cart_one_cm":2974,"minecraft:walk_on_water_one_cm":15553,"minecraft:total_world_time":191663,"minecraft:fall_one_cm":29084},"minecraft:broken":{"minecraft:stone_axe":1,"minecraft:stone_shovel":3,"minecraft:stone_hoe":1},"minecraft:mined":{"minecraft:white_bed":1,"minecraft:oak_sapling":1,"minecraft:farmland":3,"minecraft:candle":3,"minecraft:crafting_table":1,"minecraft:grass_block":121,"minecraft:spruce_leaves":4,"minecraft:tall_grass":21,"minecraft:oak_planks":3,"minecraft:wall_torch":2,"minecraft:large_fern":3,"minecraft:coarse_dirt":50,"minecraft:carrots":4,"minecraft:iron_ore":9,"minecraft:spruce_log":15,"minecraft:birch_leaves":8,"minecraft:grass":155,"minecraft:oak_log":82,"minecraft:potatoes":6,"minecraft:coal_ore":15,"minecraft:dirt_path":12,"minecraft:gravel":47,"minecraft:dirt":92,"minecraft:stripped_oak_log":1,"minecraft:stone":112,"minecraft:oak_leaves":25},"minecraft:dropped":{"minecraft:coarse_dirt":1,"alexsmobs:animal_dictionary":1,"slenderman:slender_book":1,"touhou_little_maid:smart_slab_init":1,"patchouli:guide_book":2,"minecraft:stick":39,"minecraft:dirt":27}},"DataVersion":3465}