{"stats":{"minecraft:crafted":{"minecraft:smooth_stone":18,"minecraft:oak_planks":620,"minecraft:coal":63,"minecraft:stone_shovel":5,"minecraft:iron_nugget":54,"minecraft:furnace":1,"minecraft:stone":25,"minecraft:oak_trapdoor":6,"minecraft:cooked_mutton":2,"minecraft:lantern":6,"minecraft:stone_brick_slab":26,"minecraft:spruce_stairs":2,"minecraft:spruce_slab":20,"minecraft:stone_pickaxe":1,"minecraft:chest":8,"minecraft:stone_hoe":3,"minecraft:oak_fence":2,"minecraft:cooked_beef":12,"minecraft:oak_slab":48,"minecraft:crafting_table":3,"minecraft:baked_potato":13,"minecraft:spruce_door":6,"minecraft:bucket":1,"minecraft:campfire":5,"minecraft:stone_axe":4,"minecraft:air":0,"minecraft:spruce_trapdoor":20,"minecraft:potion":34,"minecraft:shield":1,"minecraft:stick":52,"minecraft:iron_pickaxe":1,"minecraft:stonecutter":2,"minecraft:black_bed":1,"minecraft:torch":56,"naturalist:cooked_egg":16,"minecraft:shears":1},"minecraft:used":{"minecraft:oak_trapdoor":7,"minecraft:oak_fence":1,"minecraft:spruce_slab":5,"minecraft:stone_shovel":678,"minecraft:chest":11,"minecraft:spruce_planks":21,"minecraft:shield":22,"minecraft:stone_hoe":369,"minecraft:cooked_chicken":2,"minecraft:iron_chestplate":1,"touhou_little_maid:smart_slab_init":1,"minecraft:torch":36,"minecraft:dirt":497,"minecraft:spruce_stairs":3,"minecraft:carrot":181,"minecraft:stone_brick_slab":76,"minecraft:lava_bucket":3,"minecraft:lantern":4,"minecraft:rooted_dirt":6,"minecraft:birch_sapling":2,"minecraft:iron_helmet":1,"minecraft:iron_boots":1,"minecraft:stone_bricks":2,"minecraft:light_gray_wool":14,"minecraft:oak_sapling":46,"minecraft:furnace":1,"tombstone:gift":2,"minecraft:potato":149,"minecraft:cooked_beef":4,"minecraft:pointed_dripstone":1,"minecraft:iron_leggings":1,"minecraft:wheat_seeds":228,"minecraft:cooked_mutton":2,"minecraft:water_bucket":11,"epicfight:skillbook":3,"minecraft:spruce_door":4,"naturalist:cooked_egg":3,"minecraft:glass_bottle":34,"minecraft:stone_pickaxe":138,"minecraft:baked_potato":2,"minecraft:oak_planks":489,"minecraft:cauldron":1,"minecraft:stonecutter":2,"easypaxellite:diamond_paxel":34,"minecraft:oak_slab":64,"minecraft:crafting_table":4,"minecraft:white_bed":1,"minecraft:black_bed":1,"minecraft:oak_log":199,"minecraft:bread":8,"minecraft:iron_pickaxe":82,"sawmill:sawmill":1,"minecraft:spruce_trapdoor":27,"touhou_little_maid:smart_slab_has_maid":2,"minecraft:spruce_sapling":3,"minecraft:stone_axe":393,"minecraft:cobblestone":29,"minecraft:potion":36,"minecraft:cooked_porkchop":3,"minecraft:bucket":16,"alexsmobs:animal_dictionary":1,"minecraft:air":1,"minecraft:coarse_dirt":123,"minecraft:gray_wool":12,"minecraft:smooth_stone":33},"minecraft:killed":{"minecraft:phantom":3,"minecraft:skeleton":8,"minecraft:chicken":1,"touhou_little_maid:fairy":8,"minecraft:creeper":3,"minecraft:sheep":20,"minecraft:zombie":7},"minecraft:picked_up":{"minecraft:crafting_table":1,"minecraft:coarse_dirt":50,"minecraft:wheat":142,"minecraft:allium":1,"minecraft:chicken":1,"easypaxellite:diamond_paxel":1,"minecraft:potion":10,"minecraft:oak_trapdoor":1,"minecraft:candle":8,"minecraft:smooth_stone":15,"touhou_little_maid:smart_slab_init":1,"minecraft:spruce_planks":79,"sawmill:sawmill":1,"minecraft:light_gray_wool":14,"minecraft:enchanted_golden_apple":1,"minecraft:coal_block":64,"minecraft:chest":3,"minecraft:spruce_trapdoor":8,"minecraft:egg":62,"minecraft:iron_boots":1,"minecraft:stick":66,"minecraft:raw_iron":9,"minecraft:oak_fence":1,"minecraft:torch":17,"minecraft:spruce_stairs":1,"epicfight:skillbook":3,"farmersdelight:tomato_seeds":6,"minecraft:trident":1,"iceandfire:rotten_egg":3,"tombstone:grave_dust":4,"minecraft:pointed_dripstone":1,"minecraft:carrot":242,"minecraft:cauldron":1,"minecraft:diamond_chestplate":1,"minecraft:arrow":4,"minecraft:rotten_flesh":4,"alexsmobs:emu_egg":10,"tombstone:essence_of_undeath":1,"minecraft:gold_ingot":1,"supplementaries:ash":2,"minecraft:mutton":29,"minecraft:white_wool":59,"minecraft:cobblestone":134,"minecraft:stripped_oak_log":1,"minecraft:glow_ink_sac":2,"minecraft:leather":2,"minecraft:potato":201,"minecraft:flint":7,"minecraft:oak_log":146,"minecraft:chainmail_chestplate":1,"minecraft:gunpowder":1,"minecraft:dirt":427,"minecraft:lantern":2,"minecraft:hanging_roots":5,"minecraft:bone":4,"minecraft:apple":6,"minecraft:stone_bricks":2,"minecraft:kelp":2,"minecraft:bow":1,"minecraft:wheat_seeds":384,"minecraft:cooked_chicken":2,"tombstone:bag_of_seeds":1,"minecraft:diamond_helmet":1,"minecraft:oak_planks":47,"minecraft:oak_slab":17,"minecraft:cooked_porkchop":4,"minecraft:stone_brick_slab":6,"minecraft:gravel":40,"minecraft:stripped_spruce_log":8,"minecraft:spruce_sapling":3,"minecraft:white_bed":2,"minecraft:spruce_log":207,"minecraft:spruce_door":4,"minecraft:gray_wool":33,"minecraft:bread":8,"tombstone:magic_scroll":1,"minecraft:oak_sapling":35,"minecraft:black_wool":5,"minecraft:coal":30},"minecraft:custom":{"minecraft:mob_kills":51,"minecraft:animals_bred":39,"minecraft:interact_with_crafting_table":62,"minecraft:open_barrel":17,"minecraft:damage_dealt_resisted":14,"minecraft:leave_game":5,"minecraft:time_since_death":339095,"minecraft:climb_one_cm":3591,"minecraft:sprint_one_cm":1405570,"minecraft:walk_one_cm":3077990,"minecraft:damage_blocked_by_shield":647,"minecraft:drop":8,"minecraft:talked_to_villager":2,"minecraft:play_time":339095,"minecraft:sneak_time":8356,"minecraft:walk_under_water_one_cm":25757,"minecraft:jump":2888,"astikorcarts:cart_one_cm":2974,"minecraft:walk_on_water_one_cm":15781,"minecraft:total_world_time":339095,"minecraft:interact_with_furnace":82,"minecraft:interact_with_stonecutter":15,"minecraft:sleep_in_bed":9,"minecraft:time_since_rest":117465,"minecraft:waystone_activated":3,"minecraft:damage_taken":1012,"minecraft:trigger_trapped_chest":1,"minecraft:damage_dealt":6718,"minecraft:swim_one_cm":36507,"minecraft:fly_one_cm":785699,"minecraft:open_chest":348,"minecraft:crouch_one_cm":53922,"tombstone:undead_killed":18,"minecraft:use_cauldron":2,"minecraft:fall_one_cm":51092},"minecraft:broken":{"minecraft:stone_hoe":1,"minecraft:stone_pickaxe":1,"minecraft:stone_axe":3,"minecraft:stone_shovel":4},"minecraft:mined":{"minecraft:spruce_planks":15,"minecraft:white_bed":2,"minecraft:oak_sapling":3,"minecraft:farmland":11,"minecraft:candle":3,"minecraft:spruce_trapdoor":8,"minecraft:grass_block":241,"sawmill:sawmill":1,"minecraft:spruce_leaves":4,"minecraft:large_fern":4,"minecraft:smooth_stone":15,"minecraft:oak_trapdoor":1,"minecraft:carrots":72,"minecraft:iron_ore":9,"minecraft:stripped_spruce_log":8,"minecraft:pointed_dripstone":1,"minecraft:potatoes":66,"minecraft:dirt_path":12,"amendments:wall_lantern":1,"minecraft:stripped_oak_log":1,"minecraft:stone":123,"minecraft:oak_slab":15,"minecraft:stone_brick_slab":6,"minecraft:spruce_door":4,"minecraft:oak_fence":1,"minecraft:crafting_table":1,"minecraft:torch":8,"minecraft:chest":3,"minecraft:cobblestone":14,"minecraft:tall_grass":30,"minecraft:oak_planks":44,"minecraft:wall_torch":6,"minecraft:cauldron":1,"minecraft:spruce_stairs":1,"minecraft:coarse_dirt":50,"minecraft:wheat":111,"minecraft:spruce_log":15,"minecraft:birch_leaves":8,"minecraft:light_gray_wool":1,"minecraft:grass":163,"minecraft:oak_log":146,"minecraft:coal_ore":30,"minecraft:gravel":47,"minecraft:dirt":146,"minecraft:stone_bricks":2,"minecraft:oak_leaves":38,"minecraft:fern":1},"minecraft:dropped":{"slenderman:slender_book":1,"minecraft:stick":39,"minecraft:dirt":27,"minecraft:coarse_dirt":1,"alexsmobs:animal_dictionary":1,"touhou_little_maid:smart_slab_init":1,"patchouli:guide_book":2}},"DataVersion":3465}