{"stats":{"minecraft:crafted":{"minecraft:cooked_beef":12,"minecraft:oak_planks":172,"minecraft:stone_shovel":4,"minecraft:crafting_table":1,"minecraft:furnace":1,"minecraft:bucket":1,"minecraft:stone_axe":2,"minecraft:cooked_mutton":2,"minecraft:air":0,"minecraft:potion":17,"minecraft:shield":1,"minecraft:stick":52,"minecraft:iron_pickaxe":1,"minecraft:stone_pickaxe":1,"minecraft:chest":8,"minecraft:torch":28,"minecraft:stone_hoe":3,"minecraft:shears":1},"minecraft:used":{"minecraft:cooked_mutton":2,"minecraft:wheat_seeds":164,"epicfight:skillbook":1,"minecraft:water_bucket":11,"minecraft:stone_pickaxe":138,"minecraft:glass_bottle":18,"minecraft:stone_shovel":538,"minecraft:oak_planks":54,"minecraft:chest":11,"minecraft:shield":16,"minecraft:stone_hoe":369,"minecraft:cooked_chicken":2,"minecraft:iron_chestplate":1,"touhou_little_maid:smart_slab_init":1,"minecraft:torch":25,"minecraft:dirt":347,"minecraft:crafting_table":2,"minecraft:carrot":113,"minecraft:white_bed":1,"minecraft:oak_log":9,"minecraft:rooted_dirt":6,"minecraft:bread":8,"minecraft:birch_sapling":2,"minecraft:iron_pickaxe":41,"minecraft:iron_helmet":1,"minecraft:iron_boots":1,"minecraft:spruce_sapling":3,"touhou_little_maid:smart_slab_has_maid":2,"minecraft:stone_axe":179,"minecraft:potion":22,"minecraft:oak_sapling":33,"minecraft:furnace":1,"minecraft:cooked_porkchop":3,"minecraft:cooked_beef":4,"minecraft:bucket":11,"alexsmobs:animal_dictionary":1,"minecraft:air":1,"minecraft:potato":72,"minecraft:coarse_dirt":122,"minecraft:iron_leggings":1},"minecraft:killed":{"minecraft:creeper":2,"minecraft:skeleton":4,"minecraft:sheep":1,"minecraft:zombie":4,"touhou_little_maid:fairy":6},"minecraft:picked_up":{"minecraft:stripped_oak_log":1,"minecraft:crafting_table":1,"minecraft:coarse_dirt":50,"minecraft:wheat":82,"easypaxellite:diamond_paxel":1,"minecraft:glow_ink_sac":2,"minecraft:leather":2,"minecraft:potato":43,"minecraft:potion":10,"minecraft:flint":7,"minecraft:oak_log":81,"minecraft:chainmail_chestplate":1,"minecraft:dirt":281,"minecraft:bone":2,"minecraft:hanging_roots":5,"minecraft:apple":2,"minecraft:kelp":2,"minecraft:bow":1,"minecraft:wheat_seeds":203,"minecraft:candle":8,"touhou_little_maid:smart_slab_init":1,"minecraft:cooked_chicken":2,"tombstone:bag_of_seeds":1,"minecraft:enchanted_golden_apple":1,"minecraft:diamond_helmet":1,"minecraft:coal_block":64,"minecraft:chest":3,"minecraft:oak_planks":3,"minecraft:egg":20,"minecraft:stick":51,"minecraft:raw_iron":9,"minecraft:cooked_porkchop":4,"minecraft:torch":9,"minecraft:gravel":40,"epicfight:skillbook":1,"farmersdelight:tomato_seeds":6,"minecraft:spruce_sapling":3,"iceandfire:rotten_egg":1,"tombstone:grave_dust":3,"minecraft:spruce_log":207,"minecraft:white_bed":1,"minecraft:carrot":140,"minecraft:arrow":1,"minecraft:rotten_flesh":4,"minecraft:diamond_chestplate":1,"alexsmobs:emu_egg":2,"minecraft:gray_wool":5,"minecraft:bread":8,"tombstone:essence_of_undeath":1,"minecraft:gold_ingot":1,"supplementaries:ash":2,"minecraft:oak_sapling":22,"minecraft:black_wool":5,"minecraft:mutton":2,"minecraft:coal":30,"minecraft:white_wool":12,"minecraft:cobblestone":122},"minecraft:custom":{"minecraft:interact_with_furnace":43,"minecraft:mob_kills":18,"minecraft:interact_with_crafting_table":31,"minecraft:open_barrel":17,"minecraft:damage_dealt_resisted":14,"minecraft:leave_game":3,"minecraft:time_since_death":215663,"minecraft:sleep_in_bed":8,"minecraft:climb_one_cm":3591,"minecraft:time_since_rest":29175,"minecraft:waystone_activated":3,"minecraft:sprint_one_cm":887592,"minecraft:damage_taken":450,"minecraft:walk_one_cm":1974542,"minecraft:damage_blocked_by_shield":457,"minecraft:drop":8,"minecraft:damage_dealt":2681,"minecraft:swim_one_cm":36507,"minecraft:talked_to_villager":2,"minecraft:fly_one_cm":503508,"minecraft:open_chest":200,"minecraft:crouch_one_cm":14556,"minecraft:play_time":215663,"tombstone:undead_killed":8,"minecraft:sneak_time":2333,"minecraft:walk_under_water_one_cm":25757,"minecraft:jump":1816,"astikorcarts:cart_one_cm":2974,"minecraft:walk_on_water_one_cm":15769,"minecraft:total_world_time":215663,"minecraft:fall_one_cm":30669},"minecraft:broken":{"minecraft:stone_pickaxe":1,"minecraft:stone_axe":1,"minecraft:stone_shovel":3,"minecraft:stone_hoe":1},"minecraft:mined":{"minecraft:white_bed":1,"minecraft:oak_sapling":1,"minecraft:farmland":11,"minecraft:candle":3,"minecraft:crafting_table":1,"minecraft:torch":3,"minecraft:grass_block":135,"minecraft:chest":3,"minecraft:spruce_leaves":4,"minecraft:tall_grass":21,"minecraft:oak_planks":3,"minecraft:wall_torch":4,"minecraft:large_fern":3,"minecraft:coarse_dirt":50,"minecraft:carrots":40,"minecraft:iron_ore":9,"minecraft:wheat":47,"minecraft:spruce_log":15,"minecraft:birch_leaves":8,"minecraft:grass":155,"minecraft:oak_log":82,"minecraft:potatoes":18,"minecraft:coal_ore":30,"minecraft:dirt_path":12,"minecraft:gravel":47,"minecraft:dirt":98,"minecraft:stripped_oak_log":1,"minecraft:stone":123,"minecraft:oak_leaves":25},"minecraft:dropped":{"minecraft:coarse_dirt":1,"alexsmobs:animal_dictionary":1,"slenderman:slender_book":1,"touhou_little_maid:smart_slab_init":1,"patchouli:guide_book":2,"minecraft:stick":39,"minecraft:dirt":27}},"DataVersion":3465}