{"stats":{"minecraft:custom":{"minecraft:mob_kills":32,"minecraft:interact_with_crafting_table":12,"minecraft:open_barrel":3,"goblintraders:trade_with_goblin":2,"minecraft:interact_with_campfire":23,"minecraft:damage_dealt_resisted":14,"minecraft:leave_game":10,"minecraft:time_since_death":165470,"minecraft:climb_one_cm":334,"minecraft:damage_resisted":0,"minecraft:sprint_one_cm":532336,"minecraft:walk_one_cm":882706,"minecraft:damage_blocked_by_shield":1538,"minecraft:drop":41,"tombstone:eaten_lollipop":1,"minecraft:talked_to_villager":24,"minecraft:play_time":165470,"minecraft:sneak_time":8781,"minecraft:walk_under_water_one_cm":70401,"minecraft:boat_one_cm":245543,"minecraft:jump":1763,"minecraft:walk_on_water_one_cm":101419,"minecraft:total_world_time":165470,"minecraft:interact_with_furnace":52,"spartanshields:shield_bash_hits":1,"minecraft:traded_with_villager":21,"minecraft:sleep_in_bed":5,"minecraft:time_since_rest":49529,"minecraft:waystone_activated":3,"minecraft:damage_taken":1049,"minecraft:damage_dealt":5112,"minecraft:swim_one_cm":100379,"minecraft:fly_one_cm":353111,"minecraft:open_chest":18,"minecraft:crouch_one_cm":40215,"tombstone:undead_killed":14,"minecraft:interact_with_smoker":1,"minecraft:fall_one_cm":26077},"minecraft:used":{"minecraft:moss_block":7,"minecraft:moss_carpet":2,"minecraft:stone_sword":101,"minecraft:iron_shovel":38,"tombstone:lollipop":1,"minecraft:cooked_chicken":3,"minecraft:torch":47,"minecraft:dirt":19,"minecraft:carrot":14,"minecraft:axolotl_bucket":1,"minecraft:milk_bucket":1,"minecraft:oak_stairs":2,"minecraft:bow":4,"minecraft:sweet_berries":22,"spartanweaponry:silver_spear":50,"minecraft:egg":11,"minecraft:cooked_beef":1,"minecraft:cooked_mutton":6,"minecraft:water_bucket":3,"epicfight:skillbook":2,"minecraft:diorite":1,"minecraft:oak_planks":1,"minecraft:glass_bottle":12,"minecraft:stone_pickaxe":259,"minecraft:wooden_pickaxe":31,"minecraft:crafting_table":2,"minecraft:white_bed":1,"minecraft:shears":7,"spartanshields:stone_basic_shield":48,"tombstone:magic_scroll":1,"minecraft:gravel":34,"spartanweaponry:wooden_boomerang":4,"minecraft:stone_axe":189,"minecraft:cobblestone":41,"minecraft:potion":30,"minecraft:cooked_porkchop":5,"minecraft:cooked_rabbit":1,"minecraft:andesite":23,"minecraft:bucket":5,"alexsmobs:animal_dictionary":1,"minecraft:air":1},"minecraft:broken":{"minecraft:stone_pickaxe":2,"spartanshields:stone_basic_shield":1,"minecraft:stone_axe":2,"spartanweaponry:silver_spear":1},"minecraft:mined":{"iceandfire:silver_ore":10,"minecraft:dark_oak_leaves":1,"minecraft:dark_oak_log":6,"minecraft:grass_block":4,"minecraft:moss_block":1,"minecraft:iron_ore":31,"minecraft:andesite":52,"minecraft:stone":146,"minecraft:clay":4,"minecraft:crafting_table":1,"minecraft:light_gray_terracotta":1,"minecraft:tall_grass":7,"minecraft:sugar_cane":1,"minecraft:diorite":1,"supplementaries:urn":1,"minecraft:coarse_dirt":1,"minecraft:birch_log":72,"minecraft:birch_leaves":3,"minecraft:grass":16,"minecraft:oak_log":16,"minecraft:coal_ore":30,"minecraft:gravel":36,"minecraft:dirt":21,"minecraft:small_dripleaf":1,"minecraft:mossy_stone_bricks":1,"minecraft:oak_leaves":5,"minecraft:fern":1},"minecraft:dropped":{"minecraft:dark_oak_sapling":1,"minecraft:feather":2,"minecraft:iron_helmet":1,"minecraft:cobblestone":22,"epicfight:stray_hat":1,"spartanweaponry:wooden_boomerang":2,"minecraft:dirt":4,"tombstone:magic_scroll":1,"minecraft:oak_stairs":1,"minecraft:axolotl_bucket":2,"minecraft:sugar":2,"minecraft:stone_axe":1,"alexsmobs:maggot":2,"minecraft:stone_sword":3,"minecraft:rotten_flesh":8,"patchouli:guide_book":1,"minecraft:chainmail_chestplate":1,"minecraft:rabbit_hide":1,"minecraft:andesite":9,"minecraft:mossy_stone_bricks":1,"minecraft:bow":1,"minecraft:wooden_pickaxe":1,"minecraft:egg":1},"minecraft:picked_up":{"minecraft:crafting_table":1,"minecraft:iron_chestplate":1,"minecraft:chicken":1,"minecraft:clay_ball":52,"minecraft:wooden_pickaxe":1,"minecraft:oak_stairs":3,"minecraft:potion":29,"minecraft:moss_carpet":3,"epicfight:stray_hat":1,"minecraft:iron_leggings":1,"minecraft:iron_shovel":1,"minecraft:diamond_leggings":1,"minecraft:sugar_cane":4,"minecraft:birch_sapling":1,"minecraft:iron_boots":1,"minecraft:egg":2,"minecraft:tipped_arrow":1,"minecraft:dark_oak_sapling":1,"minecraft:stick":2,"minecraft:raw_iron":31,"apotheosis:gem":1,"minecraft:torch":13,"epicfight:skillbook":2,"minecraft:porkchop":7,"farmersdelight:tomato_seeds":1,"minecraft:diorite":1,"spartanshields:stone_basic_shield":1,"tombstone:lollipop":1,"minecraft:stone_sword":3,"minecraft:arrow":4,"minecraft:diamond_chestplate":1,"minecraft:rotten_flesh":8,"minecraft:diamond_boots":1,"minecraft:mutton":5,"minecraft:white_wool":3,"minecraft:cobblestone":141,"paraglider:paraglider":1,"minecraft:birch_log":71,"minecraft:feather":2,"minecraft:andesite":32,"minecraft:flint":1,"minecraft:oak_log":15,"minecraft:chainmail_chestplate":1,"farmersdelight:tomato":1,"minecraft:dirt":23,"minecraft:cooked_mutton":5,"minecraft:bone":9,"minecraft:bow":1,"minecraft:wheat_seeds":2,"minecraft:rabbit_hide":1,"minecraft:diamond_helmet":1,"minecraft:mossy_stone_bricks":1,"minecraft:rabbit":1,"minecraft:moss_block":7,"minecraft:cooked_porkchop":1,"minecraft:sweet_berries":12,"minecraft:axolotl_bucket":1,"minecraft:gravel":34,"minecraft:dark_oak_log":6,"minecraft:light_gray_terracotta":1,"minecraft:stone_axe":1,"minecraft:iron_helmet":1,"minecraft:grass":6,"tombstone:magic_scroll":2,"alexsmobs:maggot":2,"minecraft:coal":29,"iceandfire:raw_silver":10},"minecraft:crafted":{"minecraft:oak_planks":60,"spartanweaponry:silver_spear":2,"minecraft:cooked_chicken":4,"minecraft:cooked_mutton":5,"spartanweaponry:simple_handle":2,"spartanweaponry:wooden_boomerang":1,"spartanweaponry:simple_pole":2,"minecraft:stone_pickaxe":2,"minecraft:dark_oak_planks":24,"minecraft:cooked_rabbit":1,"minecraft:cooked_beef":1,"minecraft:emerald":23,"iceandfire:silver_ingot":4,"minecraft:cooked_porkchop":7,"minecraft:crafting_table":1,"minecraft:wooden_pickaxe":1,"minecraft:birch_planks":284,"minecraft:stone_axe":2,"minecraft:bread":2,"minecraft:air":0,"minecraft:potion":17,"minecraft:stick":704,"minecraft:iron_ingot":31,"minecraft:stone_sword":1,"minecraft:white_bed":1,"minecraft:torch":36,"minecraft:shears":1},"minecraft:killed":{"alexsmobs:seagull":1,"minecraft:skeleton":4,"minecraft:chicken":1,"touhou_little_maid:fairy":3,"minecraft:pig":3,"minecraft:zombie_villager":1,"minecraft:rabbit":1,"minecraft:creeper":2,"minecraft:sheep":3,"minecraft:zombie":8,"alexsmobs:terrapin":2,"minecraft:stray":1,"alexsmobs:fly":1}},"DataVersion":3465}