{"stats":{"minecraft:custom":{"minecraft:mob_kills":45,"minecraft:interact_with_crafting_table":29,"minecraft:open_barrel":3,"goblintraders:trade_with_goblin":2,"minecraft:interact_with_campfire":23,"minecraft:damage_dealt_resisted":14,"minecraft:leave_game":12,"minecraft:time_since_death":285911,"minecraft:climb_one_cm":374,"minecraft:damage_resisted":0,"minecraft:sprint_one_cm":949358,"minecraft:walk_one_cm":1598948,"minecraft:damage_blocked_by_shield":1798,"minecraft:drop":86,"tombstone:eaten_lollipop":2,"minecraft:talked_to_villager":126,"minecraft:play_time":285911,"minecraft:sneak_time":11464,"minecraft:walk_under_water_one_cm":93268,"minecraft:boat_one_cm":245543,"minecraft:jump":3345,"minecraft:walk_on_water_one_cm":136311,"minecraft:total_world_time":285911,"minecraft:interact_with_furnace":72,"spartanshields:shield_bash_hits":7,"minecraft:traded_with_villager":26,"minecraft:sleep_in_bed":5,"minecraft:time_since_rest":169970,"minecraft:waystone_activated":4,"minecraft:damage_taken":2034,"minecraft:damage_dealt":7754,"minecraft:swim_one_cm":107075,"minecraft:fly_one_cm":709925,"minecraft:open_chest":24,"minecraft:crouch_one_cm":53530,"tombstone:undead_killed":20,"minecraft:interact_with_smoker":1,"minecraft:fall_one_cm":53243},"minecraft:used":{"minecraft:moss_block":23,"minecraft:moss_carpet":3,"minecraft:stone_sword":115,"minecraft:iron_shovel":240,"minecraft:spruce_planks":2,"minecraft:shield":7,"tombstone:lollipop":2,"travelersbackpack:diamond":2,"minecraft:grass":4,"minecraft:cooked_chicken":6,"touhou_little_maid:smart_slab_init":2,"minecraft:torch":58,"minecraft:dirt":132,"minecraft:mutton":3,"minecraft:carrot":14,"minecraft:diamond_helmet":1,"minecraft:axolotl_bucket":1,"minecraft:milk_bucket":1,"minecraft:lava_bucket":1,"farmersdelight:tomato":1,"minecraft:iron_axe":141,"minecraft:oak_stairs":2,"samurai_dynasty:spirit_stone_base":3,"minecraft:bow":4,"minecraft:sweet_berries":97,"spartanweaponry:silver_spear":98,"minecraft:dark_oak_sapling":1,"minecraft:skeleton_skull":2,"minecraft:egg":11,"minecraft:cooked_beef":1,"minecraft:cobbled_deepslate":3,"minecraft:pointed_dripstone":2,"minecraft:cooked_mutton":13,"minecraft:water_bucket":3,"epicfight:skillbook":2,"minecraft:diorite":1,"farmersdelight:tomato_crate":1,"minecraft:oak_planks":3,"minecraft:glass_bottle":23,"minecraft:stone_pickaxe":259,"minecraft:wooden_pickaxe":31,"minecraft:composter":2,"minecraft:fletching_table":1,"minecraft:white_wool":3,"minecraft:oak_slab":2,"minecraft:crafting_table":5,"minecraft:light_gray_terracotta":1,"minecraft:white_bed":1,"minecraft:shears":7,"spartanshields:stone_basic_shield":48,"minecraft:iron_pickaxe":29,"minecraft:lectern":54,"tombstone:magic_scroll":1,"touhou_little_maid:smart_slab_has_maid":11,"minecraft:gravel":37,"spartanweaponry:wooden_boomerang":4,"minecraft:stone_axe":189,"minecraft:cobblestone":41,"minecraft:potion":41,"minecraft:grindstone":2,"minecraft:cooked_porkchop":7,"spartanweaponry:diamond_longbow":3,"minecraft:cooked_rabbit":1,"minecraft:andesite":25,"minecraft:bucket":6,"minecraft:coarse_dirt":2,"alexsmobs:animal_dictionary":1,"minecraft:air":1},"minecraft:broken":{"minecraft:stone_pickaxe":2,"spartanshields:stone_basic_shield":1,"minecraft:stone_axe":2,"spartanweaponry:silver_spear":2},"minecraft:mined":{"minecraft:spruce_planks":3,"iceandfire:silver_ore":10,"minecraft:dark_oak_leaves":1,"minecraft:dark_oak_log":6,"minecraft:grass_block":6,"minecraft:composter":2,"minecraft:moss_block":18,"minecraft:large_fern":1,"minecraft:iron_ore":42,"minecraft:andesite":54,"minecraft:moss_carpet":1,"minecraft:fletching_table":2,"minecraft:pointed_dripstone":1,"minecraft:skeleton_wall_skull":1,"minecraft:dirt_path":2,"minecraft:stone":146,"minecraft:podzol":1,"samurai_dynasty:spirit_stone_base":3,"minecraft:flowering_azalea":1,"minecraft:clay":90,"minecraft:crafting_table":1,"minecraft:light_gray_terracotta":3,"minecraft:lectern":56,"minecraft:tall_grass":8,"minecraft:grindstone":2,"minecraft:wall_torch":1,"minecraft:oak_planks":4,"minecraft:sugar_cane":28,"minecraft:diorite":1,"travelersbackpack:diamond":1,"supplementaries:urn":6,"minecraft:coarse_dirt":3,"minecraft:birch_log":77,"minecraft:sweet_berry_bush":10,"minecraft:birch_leaves":3,"minecraft:grass":23,"minecraft:oak_log":16,"minecraft:coal_ore":30,"minecraft:gravel":41,"minecraft:dirt":136,"minecraft:small_dripleaf":1,"minecraft:mossy_stone_bricks":1,"minecraft:oak_leaves":5,"minecraft:deepslate":3,"minecraft:fern":2},"minecraft:dropped":{"farmersdelight:tomato_seeds":1,"minecraft:bread":1,"minecraft:birch_planks":6,"minecraft:wheat_seeds":4,"minecraft:dark_oak_sapling":1,"minecraft:iron_helmet":1,"minecraft:feather":2,"minecraft:cobblestone":22,"minecraft:fletching_table":1,"epicfight:stray_hat":1,"minecraft:red_mushroom":1,"spartanweaponry:wooden_boomerang":2,"minecraft:dirt":4,"touhou_little_maid:film":1,"tombstone:magic_scroll":1,"minecraft:oak_stairs":1,"minecraft:axolotl_bucket":2,"minecraft:iron_axe":1,"touhou_little_maid:smart_slab_empty":1,"minecraft:sugar":2,"minecraft:paper":63,"minecraft:bone":7,"epicfight:stray_pants":4,"minecraft:gold_ingot":1,"minecraft:stone_axe":1,"alexsmobs:maggot":2,"minecraft:stone_sword":3,"minecraft:cocoa_beans":3,"minecraft:rotten_flesh":13,"patchouli:guide_book":1,"minecraft:chainmail_chestplate":1,"minecraft:rabbit_hide":1,"supplementaries:ash":17,"samurai_dynasty:jorogumo_eye":2,"minecraft:andesite":9,"minecraft:mossy_stone_bricks":1,"tombstone:essence_of_undeath":1,"minecraft:bow":3,"minecraft:wooden_pickaxe":1,"farmersdelight:tomato":1,"minecraft:egg":1},"minecraft:picked_up":{"minecraft:coarse_dirt":2,"minecraft:crafting_table":1,"minecraft:iron_chestplate":1,"minecraft:chicken":1,"minecraft:clay_ball":396,"minecraft:wooden_pickaxe":1,"minecraft:oak_stairs":3,"minecraft:enchanted_book":2,"minecraft:potion":32,"epicfight:stray_pants":4,"travelersbackpack:diamond":2,"minecraft:iron_axe":1,"minecraft:moss_carpet":3,"epicfight:stray_hat":1,"minecraft:iron_leggings":2,"minecraft:iron_shovel":1,"minecraft:diamond_leggings":1,"minecraft:gold_nugget":15,"minecraft:cobbled_deepslate":3,"touhou_little_maid:smart_slab_init":1,"minecraft:spruce_planks":2,"minecraft:lectern":54,"minecraft:iron_nugget":13,"minecraft:sugar_cane":108,"minecraft:birch_sapling":1,"minecraft:iron_boots":1,"minecraft:egg":2,"minecraft:tipped_arrow":1,"minecraft:dark_oak_sapling":2,"minecraft:stick":2,"minecraft:raw_iron":42,"apotheosis:gem":1,"minecraft:composter":2,"minecraft:torch":15,"epicfight:skillbook":3,"minecraft:porkchop":7,"farmersdelight:tomato_seeds":1,"iceandfire:rotten_egg":1,"tombstone:grave_dust":2,"minecraft:pointed_dripstone":2,"minecraft:diorite":1,"spartanshields:stone_basic_shield":1,"tombstone:lollipop":2,"minecraft:stone_sword":3,"minecraft:arrow":5,"minecraft:diamond_chestplate":1,"minecraft:rotten_flesh":13,"minecraft:diamond_boots":1,"samurai_dynasty:jorogumo_eye":2,"tombstone:essence_of_undeath":1,"supplementaries:ash":17,"spartanweaponry:diamond_longbow":1,"minecraft:mutton":6,"minecraft:skeleton_skull":2,"minecraft:white_wool":4,"minecraft:cobblestone":141,"paraglider:paraglider":1,"minecraft:birch_log":76,"minecraft:feather":2,"minecraft:andesite":34,"minecraft:red_mushroom":1,"touhou_little_maid:film":1,"minecraft:birch_planks":6,"minecraft:flint":1,"minecraft:oak_log":15,"minecraft:chainmail_chestplate":1,"farmersdelight:tomato":11,"minecraft:dirt":136,"minecraft:cooked_mutton":10,"minecraft:bone":11,"minecraft:bow":2,"minecraft:wheat_seeds":4,"minecraft:rabbit_hide":1,"minecraft:iron_ingot":1,"minecraft:grindstone":2,"minecraft:fletching_table":2,"minecraft:diamond_helmet":1,"minecraft:mossy_stone_bricks":1,"minecraft:rabbit":1,"minecraft:moss_block":23,"minecraft:oak_planks":4,"minecraft:oak_slab":2,"minecraft:cooked_porkchop":1,"minecraft:sweet_berries":82,"minecraft:axolotl_bucket":1,"minecraft:gravel":38,"minecraft:dark_oak_log":6,"minecraft:light_gray_terracotta":3,"samurai_dynasty:spirit_stone_base":3,"minecraft:stone_axe":1,"minecraft:iron_helmet":1,"minecraft:grass":6,"minecraft:bread":1,"tombstone:magic_scroll":2,"alexsmobs:maggot":2,"minecraft:coal":29,"iceandfire:raw_silver":10},"minecraft:crafted":{"minecraft:oak_planks":60,"spartanweaponry:silver_spear":2,"minecraft:cooked_chicken":4,"minecraft:cooked_mutton":7,"spartanweaponry:simple_handle":2,"farmersdelight:tomato_crate":1,"spartanweaponry:wooden_boomerang":1,"minecraft:iron_axe":1,"spartanweaponry:simple_pole":2,"minecraft:stone_pickaxe":2,"minecraft:dark_oak_planks":24,"minecraft:cooked_rabbit":1,"minecraft:cooked_beef":1,"minecraft:emerald":28,"iceandfire:silver_ingot":10,"minecraft:cooked_porkchop":7,"minecraft:crafting_table":4,"minecraft:wooden_pickaxe":1,"minecraft:iron_sword":2,"minecraft:bucket":1,"minecraft:birch_planks":304,"minecraft:stone_axe":2,"minecraft:bread":2,"minecraft:air":0,"minecraft:potion":39,"minecraft:iron_chestplate":1,"minecraft:paper":63,"minecraft:shield":1,"minecraft:stick":704,"minecraft:iron_pickaxe":1,"minecraft:iron_ingot":35,"minecraft:stone_sword":1,"minecraft:iron_leggings":1,"minecraft:gold_ingot":1,"minecraft:white_bed":1,"minecraft:torch":48,"minecraft:shears":1},"minecraft:killed":{"samurai_dynasty:jorogumo":1,"alexsmobs:seagull":1,"naturalist:snail":1,"minecraft:skeleton":5,"minecraft:chicken":1,"touhou_little_maid:fairy":3,"minecraft:pig":3,"minecraft:zombie_villager":1,"minecraft:rabbit":1,"minecraft:creeper":2,"minecraft:sheep":4,"minecraft:zombie":13,"alexsmobs:terrapin":3,"minecraft:stray":1,"alexsmobs:fly":1}},"DataVersion":3465}