{"stats":{"minecraft:custom":{"minecraft:mob_kills":43,"minecraft:interact_with_crafting_table":23,"minecraft:open_barrel":3,"goblintraders:trade_with_goblin":2,"minecraft:interact_with_campfire":23,"minecraft:damage_dealt_resisted":14,"minecraft:leave_game":11,"minecraft:time_since_death":236279,"minecraft:climb_one_cm":374,"minecraft:damage_resisted":0,"minecraft:sprint_one_cm":802101,"minecraft:walk_one_cm":1335947,"minecraft:damage_blocked_by_shield":1538,"minecraft:drop":70,"tombstone:eaten_lollipop":1,"minecraft:talked_to_villager":78,"minecraft:play_time":236279,"minecraft:sneak_time":10135,"minecraft:walk_under_water_one_cm":91353,"minecraft:boat_one_cm":245543,"minecraft:jump":2706,"minecraft:walk_on_water_one_cm":118985,"minecraft:total_world_time":236279,"minecraft:interact_with_furnace":65,"spartanshields:shield_bash_hits":1,"minecraft:traded_with_villager":26,"minecraft:sleep_in_bed":5,"minecraft:time_since_rest":120338,"minecraft:waystone_activated":4,"minecraft:damage_taken":1443,"minecraft:damage_dealt":6563,"minecraft:swim_one_cm":107075,"minecraft:fly_one_cm":562421,"minecraft:open_chest":23,"minecraft:crouch_one_cm":50172,"tombstone:undead_killed":20,"minecraft:interact_with_smoker":1,"minecraft:fall_one_cm":41405},"minecraft:used":{"minecraft:moss_block":23,"minecraft:moss_carpet":3,"minecraft:stone_sword":115,"minecraft:iron_shovel":147,"minecraft:spruce_planks":2,"tombstone:lollipop":1,"minecraft:grass":4,"minecraft:cooked_chicken":6,"touhou_little_maid:smart_slab_init":1,"minecraft:torch":57,"minecraft:dirt":114,"minecraft:carrot":14,"minecraft:diamond_helmet":1,"minecraft:axolotl_bucket":1,"minecraft:milk_bucket":1,"minecraft:lava_bucket":1,"farmersdelight:tomato":1,"minecraft:iron_axe":57,"minecraft:oak_stairs":2,"samurai_dynasty:spirit_stone_base":3,"minecraft:bow":4,"minecraft:sweet_berries":70,"spartanweaponry:silver_spear":98,"minecraft:skeleton_skull":2,"minecraft:egg":11,"minecraft:cooked_beef":1,"minecraft:cobbled_deepslate":3,"minecraft:pointed_dripstone":2,"minecraft:cooked_mutton":6,"minecraft:water_bucket":3,"epicfight:skillbook":2,"minecraft:diorite":1,"farmersdelight:tomato_crate":1,"minecraft:oak_planks":3,"minecraft:glass_bottle":19,"minecraft:stone_pickaxe":259,"minecraft:wooden_pickaxe":31,"minecraft:composter":2,"minecraft:fletching_table":1,"minecraft:white_wool":3,"minecraft:oak_slab":2,"minecraft:crafting_table":4,"minecraft:light_gray_terracotta":1,"minecraft:white_bed":1,"minecraft:shears":7,"spartanshields:stone_basic_shield":48,"minecraft:iron_pickaxe":22,"minecraft:lectern":28,"tombstone:magic_scroll":1,"touhou_little_maid:smart_slab_has_maid":7,"minecraft:gravel":37,"spartanweaponry:wooden_boomerang":4,"minecraft:stone_axe":189,"minecraft:cobblestone":41,"minecraft:potion":37,"minecraft:cooked_porkchop":7,"minecraft:cooked_rabbit":1,"minecraft:andesite":25,"minecraft:bucket":6,"alexsmobs:animal_dictionary":1,"minecraft:air":1},"minecraft:broken":{"minecraft:stone_pickaxe":2,"spartanshields:stone_basic_shield":1,"minecraft:stone_axe":2,"spartanweaponry:silver_spear":2},"minecraft:mined":{"minecraft:spruce_planks":3,"iceandfire:silver_ore":10,"minecraft:dark_oak_leaves":1,"minecraft:dark_oak_log":6,"minecraft:grass_block":5,"minecraft:composter":2,"minecraft:moss_block":18,"minecraft:large_fern":1,"minecraft:iron_ore":41,"minecraft:andesite":54,"minecraft:moss_carpet":1,"minecraft:fletching_table":2,"minecraft:pointed_dripstone":1,"minecraft:skeleton_wall_skull":1,"minecraft:stone":146,"samurai_dynasty:spirit_stone_base":3,"minecraft:flowering_azalea":1,"minecraft:clay":4,"minecraft:crafting_table":1,"minecraft:light_gray_terracotta":1,"minecraft:lectern":28,"minecraft:tall_grass":7,"minecraft:wall_torch":1,"minecraft:oak_planks":4,"minecraft:sugar_cane":1,"minecraft:diorite":1,"supplementaries:urn":6,"minecraft:coarse_dirt":1,"minecraft:birch_log":77,"minecraft:sweet_berry_bush":5,"minecraft:birch_leaves":3,"minecraft:grass":21,"minecraft:oak_log":16,"minecraft:coal_ore":30,"minecraft:gravel":41,"minecraft:dirt":131,"minecraft:small_dripleaf":1,"minecraft:mossy_stone_bricks":1,"minecraft:oak_leaves":5,"minecraft:deepslate":3,"minecraft:fern":1},"minecraft:dropped":{"minecraft:bread":1,"minecraft:birch_planks":6,"minecraft:wheat_seeds":4,"minecraft:dark_oak_sapling":1,"minecraft:iron_helmet":1,"minecraft:feather":2,"minecraft:cobblestone":22,"minecraft:fletching_table":1,"epicfight:stray_hat":1,"spartanweaponry:wooden_boomerang":2,"minecraft:dirt":4,"tombstone:magic_scroll":1,"minecraft:oak_stairs":1,"minecraft:axolotl_bucket":2,"minecraft:sugar":2,"minecraft:gold_ingot":1,"minecraft:stone_axe":1,"alexsmobs:maggot":2,"minecraft:stone_sword":3,"minecraft:rotten_flesh":13,"patchouli:guide_book":1,"minecraft:chainmail_chestplate":1,"minecraft:rabbit_hide":1,"supplementaries:ash":17,"minecraft:andesite":9,"minecraft:mossy_stone_bricks":1,"minecraft:bow":1,"minecraft:wooden_pickaxe":1,"farmersdelight:tomato":1,"minecraft:egg":1},"minecraft:picked_up":{"minecraft:crafting_table":1,"minecraft:iron_chestplate":1,"minecraft:chicken":1,"minecraft:clay_ball":52,"minecraft:wooden_pickaxe":1,"minecraft:oak_stairs":3,"minecraft:potion":32,"minecraft:moss_carpet":3,"epicfight:stray_hat":1,"minecraft:iron_leggings":1,"minecraft:iron_shovel":1,"minecraft:diamond_leggings":1,"minecraft:gold_nugget":15,"minecraft:cobbled_deepslate":3,"minecraft:spruce_planks":2,"minecraft:lectern":28,"minecraft:iron_nugget":13,"minecraft:sugar_cane":4,"minecraft:birch_sapling":1,"minecraft:iron_boots":1,"minecraft:egg":2,"minecraft:tipped_arrow":1,"minecraft:dark_oak_sapling":1,"minecraft:stick":2,"minecraft:raw_iron":41,"apotheosis:gem":1,"minecraft:composter":2,"minecraft:torch":15,"epicfight:skillbook":2,"minecraft:porkchop":7,"farmersdelight:tomato_seeds":1,"tombstone:grave_dust":2,"minecraft:pointed_dripstone":2,"minecraft:diorite":1,"spartanshields:stone_basic_shield":1,"tombstone:lollipop":1,"minecraft:stone_sword":3,"minecraft:arrow":5,"minecraft:diamond_chestplate":1,"minecraft:rotten_flesh":13,"minecraft:diamond_boots":1,"tombstone:essence_of_undeath":1,"supplementaries:ash":17,"minecraft:mutton":6,"minecraft:skeleton_skull":2,"minecraft:white_wool":4,"minecraft:cobblestone":141,"paraglider:paraglider":1,"minecraft:birch_log":76,"minecraft:feather":2,"minecraft:andesite":34,"minecraft:birch_planks":6,"minecraft:flint":1,"minecraft:oak_log":15,"minecraft:chainmail_chestplate":1,"farmersdelight:tomato":11,"minecraft:dirt":130,"minecraft:cooked_mutton":5,"minecraft:bone":11,"minecraft:bow":1,"minecraft:wheat_seeds":4,"minecraft:rabbit_hide":1,"minecraft:fletching_table":2,"minecraft:diamond_helmet":1,"minecraft:mossy_stone_bricks":1,"minecraft:rabbit":1,"minecraft:moss_block":23,"minecraft:oak_planks":2,"minecraft:oak_slab":2,"minecraft:cooked_porkchop":1,"minecraft:sweet_berries":59,"minecraft:axolotl_bucket":1,"minecraft:gravel":38,"minecraft:dark_oak_log":6,"minecraft:light_gray_terracotta":1,"samurai_dynasty:spirit_stone_base":3,"minecraft:stone_axe":1,"minecraft:iron_helmet":1,"minecraft:grass":6,"minecraft:bread":1,"tombstone:magic_scroll":2,"alexsmobs:maggot":2,"minecraft:coal":29,"iceandfire:raw_silver":10},"minecraft:crafted":{"minecraft:oak_planks":60,"spartanweaponry:silver_spear":2,"minecraft:cooked_chicken":4,"minecraft:cooked_mutton":5,"spartanweaponry:simple_handle":2,"farmersdelight:tomato_crate":1,"spartanweaponry:wooden_boomerang":1,"minecraft:iron_axe":1,"spartanweaponry:simple_pole":2,"minecraft:stone_pickaxe":2,"minecraft:dark_oak_planks":24,"minecraft:cooked_rabbit":1,"minecraft:cooked_beef":1,"minecraft:emerald":28,"iceandfire:silver_ingot":10,"minecraft:cooked_porkchop":7,"minecraft:crafting_table":3,"minecraft:wooden_pickaxe":1,"minecraft:iron_sword":1,"minecraft:bucket":1,"minecraft:birch_planks":304,"minecraft:stone_axe":2,"minecraft:bread":2,"minecraft:air":0,"minecraft:potion":31,"minecraft:iron_chestplate":1,"minecraft:shield":1,"minecraft:stick":704,"minecraft:iron_pickaxe":1,"minecraft:iron_ingot":32,"minecraft:stone_sword":1,"minecraft:iron_leggings":1,"minecraft:gold_ingot":1,"minecraft:white_bed":1,"minecraft:torch":48,"minecraft:shears":1},"minecraft:killed":{"alexsmobs:seagull":1,"naturalist:snail":1,"minecraft:skeleton":5,"minecraft:chicken":1,"touhou_little_maid:fairy":3,"minecraft:pig":3,"minecraft:zombie_villager":1,"minecraft:rabbit":1,"minecraft:creeper":2,"minecraft:sheep":4,"minecraft:zombie":13,"alexsmobs:terrapin":3,"minecraft:stray":1,"alexsmobs:fly":1}},"DataVersion":3465}