{"stats":{"minecraft:killed":{"alexsmobs:seagull":1,"naturalist:snail":1,"minecraft:skeleton":3,"naturalist:coral_snake":1,"minecraft:chicken":4,"naturalist:bass":5,"minecraft:drowned":3,"alexsmobs:flying_fish":2,"touhou_little_maid:fairy":2,"minecraft:pig":16,"minecraft:salmon":1,"minecraft:creeper":1,"minecraft:squid":1,"minecraft:sheep":13,"alexsmobs:catfish":1,"minecraft:pillager":1,"minecraft:zombie":1,"naturalist:canary":1,"alexsmobs:fly":1,"naturalist:sparrow":1,"minecraft:enderman":1,"minecraft:cow":10},"minecraft:crafted":{"minecraft:black_dye":1,"minecraft:wooden_sword":1,"minecraft:oak_door":3,"minecraft:oak_planks":420,"minecraft:cobblestone_slab":4,"minecraft:oak_sign":6,"minecraft:cooked_chicken":3,"minecraft:furnace":11,"ironfurnaces:iron_furnace":1,"minecraft:cobblestone_stairs":2,"minecraft:stone":3,"naturalist:cooked_bass":5,"minecraft:cooked_mutton":8,"minecraft:glass":34,"minecraft:stone_pickaxe":5,"minecraft:cobblestone_wall":1,"minecraft:chest":14,"minecraft:water_bucket":3,"alexsmobs:cooked_catfish":1,"minecraft:oak_fence":3,"minecraft:cooked_beef":19,"minecraft:glass_bottle":12,"minecraft:wooden_shovel":1,"minecraft:cooked_porkchop":17,"minecraft:crafting_table":5,"minecraft:wooden_pickaxe":1,"minecraft:baked_potato":9,"minecraft:cooked_salmon":1,"minecraft:copper_ingot":38,"minecraft:bucket":2,"minecraft:birch_planks":52,"minecraft:stone_axe":2,"minecraft:air":0,"minecraft:potion":38,"minecraft:paper":54,"minecraft:charcoal":16,"minecraft:stick":76,"minecraft:iron_ingot":20,"minecraft:iron_pickaxe":4,"minecraft:wooden_axe":1,"minecraft:stone_sword":1,"minecraft:iron_shovel":6,"minecraft:black_bed":1,"minecraft:stonecutter":1,"minecraft:white_bed":1,"minecraft:torch":12,"naturalist:cooked_egg":1,"create:zinc_ingot":4},"minecraft:picked_up":{"minecraft:coarse_dirt":22,"minecraft:crafting_table":2,"minecraft:wheat":2,"minecraft:chainmail_boots":1,"minecraft:chicken":3,"minecraft:clay_ball":12,"minecraft:lead":1,"minecraft:potion":10,"minecraft:shield":1,"minecraft:raw_copper":51,"minecraft:cooked_salmon":2,"minecraft:item_frame":1,"spartanweaponry:bolt":64,"minecraft:oak_sign":1,"minecraft:diamond_leggings":1,"touhou_little_maid:smart_slab_init":1,"minecraft:beef":23,"minecraft:cobblestone_slab":1,"minecraft:iron_nugget":12,"minecraft:iron_pickaxe":1,"minecraft:sugar_cane":95,"minecraft:birch_sapling":2,"minecraft:furnace":2,"minecraft:egg":1,"minecraft:dark_oak_sapling":1,"minecraft:stick":13,"minecraft:raw_iron":18,"minecraft:sandstone":2,"apotheosis:gem":2,"minecraft:oak_door":8,"minecraft:oak_fence":2,"minecraft:torch":2,"minecraft:green_bed":4,"minecraft:porkchop":36,"farmersdelight:tomato_seeds":6,"minecraft:diorite":74,"minecraft:redstone":2,"spartanshields:stone_basic_shield":1,"tombstone:lollipop":1,"minecraft:brown_carpet":1,"minecraft:arrow":5,"minecraft:rotten_flesh":7,"minecraft:diamond_boots":1,"supplementaries:ash":3,"minecraft:mutton":15,"alexsmobs:flying_fish":2,"minecraft:white_wool":21,"minecraft:cobblestone":1684,"minecraft:birch_log":33,"minecraft:magma_block":5,"minecraft:leather_chestplate":1,"minecraft:feather":7,"minecraft:andesite":128,"minecraft:salmon":1,"minecraft:black_bed":5,"minecraft:leather":11,"create:raw_zinc":6,"minecraft:oak_log":199,"minecraft:chainmail_chestplate":1,"naturalist:cooked_egg":3,"minecraft:cobblestone_wall":5,"minecraft:gunpowder":6,"minecraft:cobblestone_stairs":173,"farmersdelight:tomato":18,"minecraft:dirt":507,"minecraft:lantern":1,"naturalist:bass":5,"minecraft:bone":2,"minecraft:bow":1,"minecraft:wheat_seeds":21,"minecraft:stone_pickaxe":1,"minecraft:oak_planks":24,"minecraft:book":6,"samurai_dynasty:tanuki_statue":1,"minecraft:cooked_porkchop":1,"minecraft:pumpkin":5,"patchouli:guide_book":1,"minecraft:dandelion":3,"minecraft:gravel":2,"minecraft:sand":1067,"minecraft:blast_furnace":2,"minecraft:red_banner":2,"minecraft:ink_sac":6,"minecraft:white_bed":1,"minecraft:grass_block":1,"alexsmobs:raw_catfish":1,"waystones:waystone":1,"minecraft:chainmail_leggings":1,"minecraft:iron_helmet":1,"minecraft:emerald":1,"minecraft:rooted_dirt":2,"minecraft:oak_sapling":24,"minecraft:coal":46},"minecraft:dropped":{"minecraft:water_bucket":2,"minecraft:wheat_seeds":11,"minecraft:golden_helmet":1,"minecraft:oak_log":30,"minecraft:dark_oak_sapling":1,"minecraft:cooked_porkchop":2,"slenderman:slender_book":1,"minecraft:oak_fence":2,"minecraft:feather":4,"minecraft:black_bed":1,"minecraft:chainmail_helmet":1,"minecraft:dirt":3,"minecraft:diorite":2,"minecraft:ink_sac":4,"minecraft:potion":6,"minecraft:sand":64,"minecraft:white_wool":15,"minecraft:dandelion":2,"minecraft:oak_door":3,"tombstone:lollipop":1,"minecraft:gravel":2,"minecraft:iron_nugget":8,"alexsmobs:animal_dictionary":1,"minecraft:clay_ball":12,"naturalist:cooked_bass":2,"minecraft:cooked_mutton":3,"minecraft:golden_shovel":1,"touhou_little_maid:smart_slab_init":1,"patchouli:guide_book":2,"minecraft:blast_furnace":1,"supplementaries:ash":3,"minecraft:gunpowder":5,"minecraft:andesite":42,"apotheosis:gem":1,"minecraft:brown_carpet":1,"minecraft:beef":3,"minecraft:stone_pickaxe":1,"farmersdelight:tomato":3},"minecraft:custom":{"minecraft:interact_with_smithing_table":1,"minecraft:mob_kills":71,"minecraft:animals_bred":1,"minecraft:interact_with_crafting_table":73,"minecraft:open_barrel":6,"minecraft:damage_dealt_resisted":79,"minecraft:eat_cake_slice":10,"minecraft:leave_game":10,"minecraft:time_since_death":420761,"minecraft:climb_one_cm":8754,"minecraft:damage_resisted":2,"minecraft:sprint_one_cm":1564656,"minecraft:damage_blocked_by_shield":890,"minecraft:walk_one_cm":2294703,"minecraft:drop":66,"minecraft:talked_to_villager":4,"minecraft:play_time":439828,"minecraft:deaths":1,"minecraft:sneak_time":23468,"minecraft:walk_under_water_one_cm":227073,"minecraft:boat_one_cm":115412,"minecraft:interact_with_brewingstand":1,"minecraft:jump":5206,"minecraft:interact_with_blast_furnace":15,"minecraft:walk_on_water_one_cm":116548,"minecraft:total_world_time":439828,"minecraft:interact_with_furnace":181,"minecraft:interact_with_stonecutter":8,"minecraft:sleep_in_bed":13,"minecraft:time_since_rest":151295,"minecraft:waystone_activated":5,"minecraft:damage_taken":1710,"minecraft:trigger_trapped_chest":2,"minecraft:damage_dealt":6548,"minecraft:swim_one_cm":464494,"minecraft:fly_one_cm":1694253,"minecraft:open_chest":243,"minecraft:crouch_one_cm":186974,"tombstone:undead_killed":7,"minecraft:fall_one_cm":97079,"minecraft:use_cauldron":5},"minecraft:used":{"minecraft:oak_fence":1,"minecraft:stone_sword":112,"minecraft:iron_shovel":1489,"minecraft:oak_sign":6,"minecraft:chest":14,"minecraft:shield":16,"minecraft:iron_sword":40,"minecraft:cooked_salmon":1,"minecraft:wooden_shovel":59,"minecraft:cooked_chicken":1,"minecraft:rotten_flesh":5,"minecraft:oak_door":8,"minecraft:torch":21,"minecraft:dirt":376,"minecraft:mutton":1,"minecraft:cobblestone_wall":41,"naturalist:cooked_bass":3,"touhou_little_maid:power_point":5,"minecraft:obsidian":1,"minecraft:wooden_axe":57,"farmersdelight:tomato":6,"minecraft:lantern":1,"minecraft:iron_axe":14,"minecraft:item_frame":1,"ironfurnaces:iron_furnace":1,"minecraft:magma_block":3,"minecraft:beef":1,"minecraft:bow":10,"minecraft:furnace":12,"minecraft:potato":4,"minecraft:cooked_beef":17,"farmersdelight:tomato_seeds":6,"minecraft:cooked_mutton":11,"alexsmobs:cooked_catfish":1,"minecraft:wheat_seeds":2,"minecraft:water_bucket":12,"minecraft:diorite":23,"minecraft:cobblestone_stairs":264,"minecraft:birch_planks":7,"naturalist:cooked_egg":3,"minecraft:baked_potato":1,"minecraft:glass_bottle":58,"minecraft:stone_pickaxe":656,"minecraft:oak_planks":201,"minecraft:wooden_pickaxe":50,"minecraft:cobblestone_slab":5,"minecraft:sugar_cane":28,"minecraft:green_bed":3,"minecraft:stonecutter":1,"minecraft:sand":191,"minecraft:blast_furnace":1,"minecraft:crafting_table":7,"minecraft:white_bed":1,"minecraft:black_bed":4,"samurai_dynasty:tanuki_statue":1,"waystones:waystone":1,"minecraft:apple":13,"minecraft:iron_pickaxe":1061,"minecraft:stone_axe":222,"minecraft:wooden_sword":63,"minecraft:cobblestone":1389,"minecraft:potion":66,"minecraft:cooked_porkchop":9,"minecraft:andesite":83,"minecraft:red_banner":2,"minecraft:bucket":13,"minecraft:air":3,"minecraft:coarse_dirt":5},"minecraft:mined":{"create:zinc_ore":6,"minecraft:white_bed":1,"minecraft:oak_door":8,"minecraft:cobblestone_stairs":113,"minecraft:grass_block":433,"farmersdelight:tomatoes":6,"minecraft:sandstone":3,"minecraft:rooted_dirt":2,"minecraft:tall_seagrass":1,"minecraft:magma_block":5,"minecraft:furnace":2,"minecraft:iron_ore":18,"minecraft:andesite":130,"minecraft:pumpkin":5,"minecraft:oak_sign":1,"minecraft:cobblestone_slab":1,"minecraft:lantern":1,"farmersdelight:rice_panicles":1,"minecraft:stone":1049,"minecraft:green_bed":4,"minecraft:brown_carpet":1,"minecraft:clay":3,"minecraft:crafting_table":2,"minecraft:blast_furnace":1,"minecraft:chest":1,"minecraft:copper_ore":15,"minecraft:tall_grass":20,"minecraft:cobblestone":264,"minecraft:oak_planks":21,"minecraft:sugar_cane":32,"minecraft:diorite":72,"minecraft:wall_torch":1,"minecraft:coarse_dirt":22,"minecraft:cobblestone_wall":5,"minecraft:light_gray_stained_glass":6,"minecraft:birch_log":32,"minecraft:wheat":2,"minecraft:birch_leaves":5,"minecraft:black_bed":4,"minecraft:red_wall_banner":2,"minecraft:grass":56,"minecraft:coal_ore":46,"minecraft:oak_log":174,"minecraft:sand":1082,"minecraft:gravel":2,"minecraft:dirt":149,"minecraft:oak_leaves":61},"minecraft:broken":{"minecraft:iron_shovel":5,"minecraft:wooden_shovel":1,"minecraft:stone_pickaxe":5,"minecraft:wooden_sword":1,"minecraft:stone_axe":1,"minecraft:iron_pickaxe":4,"minecraft:wooden_axe":1}},"DataVersion":3465}